model,adversarial_nli,aider_polyglot,apex_agents,arc_agi,arc_agi_2,arc_ai2,balrog,bbh,bool_q,cad_eval,chess_puzzles,common_sense_qa_2,cybench,deepresearchbench,fictionlivebench,frontiermath,frontiermath_tier_4,gdpval,geobench,gpqa_diamond,gsm8k,gso,hella_swag,hle,lambada,lech_mazur_writing,live_bench,math_level_5,metr_time_horizons,mmlu,open_book_qa,os_world,otis_mock_aime_2024_2025,piqa,posttrainbench,science_qa,simplebench,simpleqa_verified,superglue,swe_bench_bash,swe_bench_verified,terminalbench,the_agent_company,trivia_qa,video_mme,vpct,webdev_arena,weirdml,wino_grande,coverage
gemini-3-pro-preview,,,0.184,0.75,0.3111,,,,,,0.31,,,,,0.376,0.1875,0.4029999999999999,4145.0,0.9261363636363636,,0.186,,0.3752,,,,,0.709822,,,,0.9138888888888888,,0.1812,,0.764,0.729,,0.742,0.7293388429752066,0.6940000000000001,,,,0.91,1471.0,0.6993,,22
gpt-4o-2024-11-20,,18.2,,0.045,0.0,,,,,,,,0.125,,,0.0034482758620689,,0.099,3696.0,0.4788510101010101,,0.0,,0.0272,,8.18,52.19,0.4977341389728096,0.407636,0.881,,,0.0625,,,,,,,0.2162,0.3099173553719008,,0.167,,0.7190000000000001,0.4,,0.2512,,22
claude-3-7-sonnet-20250219,,60.4,,0.136,0.0,,,,,0.54,,,0.2,0.3663,0.344,0.0310344827586206,,,3791.0,0.6603535353535354,,0.038,,,,7.94,76.1,0.6818353474320241,0.558217,,,35.8,0.2194444444444444,,,,0.449,,,0.528,0.609504132231405,,0.402,,,0.39,,,,22
claude-3-5-sonnet-20241022,,51.6,,,,,0.326,,,0.48,,,,,,0.0206896551724137,0.0,,3327.0,0.553030303030303,,0.046,,0.0408,,8.03,59.03,0.5694864048338368,0.52701,0.873,,,0.0847222222222222,,,,0.414,,,,,,0.344,,0.6,0.33,,0.3997,,20
grok-4-0709,,79.6,0.152,0.6667000000000001,0.15975,,0.436,,,,0.28,,0.43,0.479,0.969,0.196551724137931,0.0208333333333333,,2719.0,0.87,,,,,,8.068,,,0.665803,,,,0.84,,,,0.605,0.479,,,,0.272,,,,,,0.4573,,20
gpt-5-2025-08-07_high,,88.0,0.183,0.657,0.0986,,,,,,0.37,,,0.486,,0.3241379310344827,0.125,,,0.8617424242424242,,0.069,,0.2532,,,,0.9813066465256798,0.693697,,,,0.9138888888888888,,,,0.567,0.506,,,0.7355371900826446,,,,,0.66,,0.607,,19
gpt-5-2025-08-07_medium,,86.7,,0.562,0.0749,,,,,,,,,0.495,0.969,0.2724137931034482,0.0625,0.348,3937.0,0.8535353535353535,,,,,,8.723,,0.9792296072507553,0.696053,,,,0.8722222222222222,,,,,,,0.65,0.7148760330578512,0.496,,,,0.632,1395.0,,,19
gemini-3-flash-preview,,,0.24,0.215,0.3361,,0.481,,,,0.38,,,,,0.356401384083045,0.0416666666666666,,4333.0,0.8320707070707071,,0.098,,,,,,,,,,,0.9277777777777778,,,,0.611,0.674,,,0.7541322314049587,0.643,,,,0.726,1454.0,0.616,,18
claude-sonnet-4-5-20250929,,,,0.255,0.0375,,,,,,,,0.55,,,0.093103448275862,0.0208333333333333,0.425,,0.7373737373737373,,0.147,,,,,,,,,,62.9,0.3555555555555555,,0.0994,,,0.13,,0.706,0.7128099173553719,0.428,,,,0.38,1387.0,0.467,,18
gpt-4o-mini-2024-07-18,,3.6,,,0.0,,0.174,,0.887,,,,,,,,,,3401.0,0.3772095959595959,0.913,,,,,6.72,41.26,0.5263406344410876,,0.818,,,0.0694444444444444,0.887,,,0.107,,,,,,,,0.648,0.34,,0.1176,,17
gpt-4.1-2025-04-14,,52.4,,0.055,0.0042,,,,,0.42,,,,0.2930999999999999,0.625,0.0551724137931034,0.0,,3791.0,0.6691919191919192,,,,0.054,,,,0.8300604229607251,,,,,0.3833333333333333,,,,0.27,,,0.3958,0.4854166666666666,,,,,,,0.3904,,17
claude-sonnet-4-20250514,,56.4,,0.238,0.0127,,,,,,,,0.35,,0.364,0.0413793103448275,0.0,,2468.0,0.6666666666666666,,0.049,,,,,,0.8436555891238671,,,,43.9,0.2888888888888888,,,,,,,0.6493,,,0.432,,,0.3,,0.4388,,17
claude-opus-4-5-20251101,,,,0.4,0.0778,,,,,,,,,,,0.2068965517241379,0.0416666666666666,0.455,3877.0,0.8068181818181818,,0.265,,,,,,,0.73007,,,66.3,0.4805555555555555,,0.1729,,0.62,,,0.744,0.7665289256198347,0.631,,,,,1479.0,,,17
gpt-5.2-2025-12-11_high,,,0.23,0.787,0.4333,,,,,,0.4,,,,,0.4034482758620689,0.188,,,0.8819444444444444,,0.274,,,,,,,0.752875,,,,0.9611111111111112,,,,0.458,0.382,,0.718,0.737603305785124,,,,,0.67,1480.0,,,16
o4-mini-2025-04-16_high,,72.0,,0.587,0.0611,,,,,,0.26,,,,,0.2482758620689655,0.0625,0.253,3717.0,0.7960858585858586,,0.036,,0.1808,,,,0.978285498489426,,,,,0.8166666666666667,,,,0.387,0.239,,,,,,,,,,0.5256,,16
o3-2025-04-16_medium,,76.9,,0.538,0.0298,,,,,0.74,,,,0.466,1.0,0.1689655172413793,,0.308,3858.0,,,,,0.192,,8.39,,,0.654376,,,23.0,,,,,,,,0.584,0.6231884057971014,,,,,0.52,,,,16
gpt-5.1-2025-11-13_high,,,0.175,0.728,0.1764,,,,,,0.32,,,,,0.3103448275862069,0.125,,,0.8762626262626263,,0.137,,,,,78.79,,,,,,0.8861111111111111,,,,0.532,0.489,,,0.6797520661157025,,,,,0.587,,0.6077,,15
gemini-3.1-pro-preview,,,0.335,0.98,0.771,,,,,,0.55,,,,,0.369,0.167,,,0.941,,,,,,,,,,,,,0.956,,0.2159,,0.796,0.773,,,,0.784,,,,,1461.49,0.721,,14
o3-mini-2025-01-31_high,,60.4,,0.345,0.0299,,,,,,0.17,,,,,0.1241379310344827,0.0416666666666666,,,0.7702020202020202,,0.013,,,,6.17,75.88,0.9648791540785498,,,,,0.7694444444444445,,,,0.228,,,,,,,,,,,0.437,,14
o3-2025-04-16_high,,81.3,,0.608,0.0653,,,,,,,,,,,0.1868512110726643,0.0208333333333333,,3930.0,0.8181818181818182,,0.088,,0.2032,,,,0.9777190332326284,,,,,0.8388888888888889,,,,0.531,0.53,,,,,,,,,,0.5242,,14
DeepSeek-V3,,48.4,,,,0.953,,0.875,,,,,,,,0.0172413793103448,,,,0.5653409090909091,,,0.889,,,,60.45,0.6485083081570997,0.473627,0.872,,,0.1583333333333333,,,,0.189,,,,,,,0.829,,,,,0.852,14
claude-opus-4-20250514,,70.7,,0.225,0.0127,,,,,,,,0.38,,0.375,0.0448275862068965,0.0,,,0.6919191919191919,,0.069,,,,,,0.850453172205438,,,,,0.4222222222222222,,,,,,,0.676,0.7066115702479339,,,,,0.33,,,,14
gpt-4.5-preview-2025-02-27,,44.9,,0.103,0.008,,,,,,,,0.175,,0.639,,,,,0.6868686868686869,,,,0.0544,,7.56,68.95,0.7862537764350453,,,,,0.3777777777777777,,,,0.345,,,,,,,,,0.45,,0.3937,,14
DeepSeek-R1,,56.9,,0.158,0.013,,0.349,,,,,,,,0.333,,,,,0.6922348484848484,,,,,,8.3,71.57,0.9305135951661632,0.519251,,,,0.5333333333333333,,,,0.309,,,,,,,,,,,0.3649,,13
gemini-2.5-pro,,,,,,,,,,,0.2,,,0.4971,,0.1413793103448276,0.0416666666666666,0.233,,0.8529040404040404,,0.039,,,,8.602,,,,,,,0.8416666666666667,,,,,0.56,,,0.5755693581780539,0.326,,,,,1209.0,,,13
claude-3-5-haiku-20241022,,28.0,,,,,0.193,,,0.32,,,,,,0.0034482758620689,,,2507.0,0.3813131313131313,,,,,,7.35,43.45,0.4635574018126888,,0.743,,,0.0430555555555555,,,,,0.067,,,,,,,,,,0.3073,,13
text-davinci-001,0.354,,,,,0.532,,,0.775,,,0.529,,,,,,,,,,,0.793,,0.864,,,,,0.439,0.654,,,0.823,,0.7404,,,0.718,,,,,0.712,,,,,0.777,13
claude-opus-4-1-20250805,,,,,,,,,,,,,0.42,0.497,,0.0586206896551724,,0.436,,0.7323232323232324,,,,,,8.538,,,0.615713,,,,0.4,,,,0.6,,,,0.7334710743801653,0.38,,,,0.35,1386.0,,,13
glm-5,,,,0.4467,0.0486,,,,,,0.1,,,,,0.1643356643356643,0.021,,,0.8781725888324873,,,,,,,,,,,,,0.8,,0.1388,,0.532,,,,0.7207792207792207,0.524,,,,,1447.32,0.4817,,13
o3-mini-2025-01-31_medium,,53.8,,0.223,0.0208,,,,,0.54,,,0.225,,0.438,0.0808189655172413,,,,0.742739898989899,,,,,,6.15,70.01,0.9516616314199396,,,,,0.6388888888888888,,,,,,,,,,,,,,,,,12
LLaMA-13B,,,,,,0.527,,0.379,0.787,,,,,,,,,,,,0.2055,,0.792,,0.752,,,,,0.477,0.564,,,0.801,,0.4333,,,,,,,,0.779,,,,,0.73,12
claude-3-5-sonnet-20240620,,,,,,,,,,,,,0.175,,,0.0103448275862068,0.0,,,0.5404040404040404,,,,,,,,0.5168051359516617,0.476797,0.865,,,0.0652777777777777,,,,0.275,,,,,,,,0.6,0.33,,0.3097,,12
LLaMA-7B,,,,,,0.476,,0.335,0.765,,,,,,,,,,,,0.11,,0.762,,0.733,,,,,0.356,0.572,,,0.798,,0.3619,,,,,,,,0.71,,,,,0.701,12
o4-mini-2025-04-16_medium,,,,0.418,0.0236,,,,,0.62,,,,,0.625,0.1896551724137931,0.0208333333333333,,3651.0,,,,,0.1428,,7.5,,,0.639269,,,,,,,,,,,0.45,,,,,,0.575,,,,12
Llama-2-13b,,,,,,0.603,,0.4698,0.824,,,,,,,,,,,,0.343,,0.807,,0.765,,,,,0.556,0.57,,,0.808,,0.5578,,,,,,,,0.796,,,,,0.728,12
Llama-2-7b,,,,,,0.459,,0.3916,0.779,,,,,,,,,,,,0.167,,0.772,,0.733,,,,,0.458,0.586,,,0.788,,0.4308,,,,,,,,0.737,,,,,0.692,12
gemini-2.0-flash-001,,,,,0.013,,,,,0.3,,,,,0.625,0.0172413793103448,,,3897.0,0.6414141414141414,,,,,,,61.47,0.8216578549848943,,,,,0.3111111111111111,,,,,,,0.1352,,,0.19,,,,,0.2577,,12
Llama-2-70b-hf ,,,,,,0.783,,0.649,0.886,,,0.5,,,,,,,,,0.696,,0.853,,0.789,,,,,0.699,0.602,,,0.828,,,,,,,,,,0.876,,,,,0.802,12
gpt-5-mini-2025-08-07_medium,,,,0.3733000000000001,0.0403,,,,,,,,,,0.625,0.2034482758620689,0.0416666666666666,,,0.7165404040404041,,,,,,,,0.9679003021148036,,,,,0.7833333333333333,,,,,,,0.598,0.6466942148760331,0.319,,,,0.402,,,,12
o1-2024-12-17_medium,,,,0.307,,,,,,0.56,,,,,0.531,,,,3925.0,0.7575757575757576,,,,,,7.02,,0.9441087613293052,0.55932,,,,0.7333333333333333,,,,0.367,,,,,,,,,0.37,,,,11
Mistral-7B-v0.1,0.471,,,,,0.786,,0.561,0.874,,,,,,,,,,,,0.544,,0.81,,,,,,,0.625,0.798,,,0.83,,,,,,,,,,0.752,,,,,0.753,11
mpt-7b,,,,,,0.426,,0.356,0.75,,,,,,,,,,,,0.091,,0.764,,0.7,,,,,0.308,0.514,,,0.806,,,,,,,,,,0.616,,,,,0.686,11
gpt-5.2-2025-12-11_xhigh,,,0.3429999999999999,0.862,0.5291,,,,,,0.49,,,,,0.407,0.188,,,0.914,,,,,,,,,,,,,0.961,,,,,0.389,,,,,,,,0.84,,0.722,,11
gemma-7b,0.487,,,,,0.783,,0.551,0.832,,,,,,,,,,,,0.464,,0.822,,,,,,,0.661,0.786,,,0.812,,,,,,,,,,0.723,,,,,0.79,11
gemini-2.5-pro-preview-06-05,,79.1,,,,,,,,,,,,0.428,0.875,0.1034482758620689,0.0208333333333333,,,0.8484848484848485,,0.0392,,0.2164,,,,,0.5544,,,,,,,,0.624,,,,,,,,,0.464,,,,11
DeepSeek-R1-0528,,71.4,,0.212,0.0112,,,,,,,,,0.351,,,,,,0.7632575757575758,,,,,,,,0.9663897280966768,0.537826,,,,0.6638888888888889,,,,0.408,0.274,,,,,,,,,,0.4163,,11
gpt-4.1-mini-2025-04-14,,32.4,,0.035,0.0,,,,,0.16,,,,,0.469,0.0448275862068965,,,,0.6584595959595959,,,,,,,,0.8729229607250756,,,,,0.4472222222222222,,,,,,,0.2394,,,,,,,,0.3761,,11
LLaMA-33B,,,,,,0.675,,0.5,0.861,,,,,,,,,,,,0.441,,0.828,,0.772,,,,,0.587,0.586,,,0.823,,,,,,,,,,0.838,,,,,0.76,11
LLaMA-65B,,,,,,0.695,,0.584,0.871,,,,,,,,,,,,0.544,,0.842,,0.777,,,,,0.634,0.602,,,0.828,,,,,,,,,,0.86,,,,,0.77,11
falcon-7b,,,,,,0.4786,,0.2877,0.753,,,,,,,,,,,,0.068,,0.781,,0.749,,,,,0.35,0.516,,,0.803,,,,,,,,,,0.646,,,,,0.672,11
gpt-5-nano-2025-08-07_medium,,,,0.2071,0.0088,,,,,,,,,,0.219,0.0724137931034482,0.0208333333333333,,,0.6742424242424242,,,,,,,,0.952416918429003,,,,,0.7416666666666667,,,,,,,0.348,,0.115,,,,0.354,,,,11
kimi-k2.5,,,0.144,0.6533,0.1181,,,,,,,,,,0.781,,,,,,,,,0.2437,,,,,,,,63.3,,,0.1026,,0.4679999999999999,,,,0.737603305785124,0.432,,,,,,0.456,,11
gpt-4o-2024-08-06,,23.1,,,,,,,,0.26,,,,,,0.0034482758620689,,,,0.4921085858585858,,,,,,,55.33,0.5327605740181269,0.338424,0.843,,,0.0638888888888888,,,,0.178,,,,,,,,0.719,,,,,11
gemini-1.5-pro-002,,,,,0.008,,0.21,,,0.34,,,,,,,,,,0.5722853535353535,,,,0.046,,,,0.7039274924471299,,0.869,,,0.2305555555555555,,,,0.271,,,,,,0.08,,,,,0.222,,11
falcon-40b,,,,,,0.6186,,0.371,0.831,,,,,,,,,,,,0.25,,0.8528,,0.773,,,,,0.569,0.566,,,0.83,,,,,,,,,,0.799,,,,,0.769,11
gpt-5.2-2025-12-11_medium,,,,0.7267,0.2667,,,,,,0.4,,,,,0.3689655172413793,0.167,,,0.8787878787878788,,,,,,,,,,,,,0.9388888888888888,,,,,0.354,,,,0.649,,,,,1394.0,0.634,,11
o1-mini-2024-09-12_medium,,,,0.14,,,,,,,,,0.1,,,0.0172413793103448,,,,0.5950126262626263,,,,,,6.49,57.76,0.8425226586102719,,,,,0.4472222222222222,,,,0.181,,,,,,,,,,,0.3632,,10
gpt-5-nano-2025-08-07_high,,,,0.1667,0.0261,,,,,,,,,,,0.0827586206896551,0.0,,,0.6944444444444444,,,,,,,,0.9490181268882176,,,,,0.8111111111111111,,,,,0.122,,,,,,,,0.372,,0.3806,,10
Llama-3.1-405B-Instruct,,,,,,,,,,,,,0.075,,,,,,,0.5091540404040404,,,,,,,,0.4977341389728096,,0.845,0.492,,0.0972222222222222,,,,0.23,,,,,,0.141,,,,,0.2138,0.822,10
gemini-2.5-pro-preview-05-06,,76.9,,,,,,,,,,,,0.319,0.719,,,,4085.0,0.6666666666666666,,,,0.178,,,,0.959025679758308,,,,,,,,,,,,0.536,,,0.393,,,0.405,,,,10
claude-sonnet-4-5-20250929_32K,,,,0.6367,0.1361,,,,,,0.12,,,,,0.1522491349480969,0.0416666666666666,,,0.817258883248731,,,,,,,,0.9773413897280968,,,,,0.7777777777777778,,,,,,,,,,,,,0.398,1391.0,,,10
claude-opus-4-6,,,,,,,,,,,,,,,,0.3827586206896551,0.1458333333333333,,,,,,,0.19,,,,,,,,,,,0.2316,,0.676,0.431,,,0.7871900826446281,0.699,,,,,1555.35,0.659,,10
gpt-5-mini-2025-08-07_high,,,,0.5433,0.0444,,,,,,,,,,,0.2724137931034482,0.0625,,,0.75,,,,,,,,0.978474320241692,,,,,0.8666666666666667,,,,,0.21,,,,,,,,0.39,,0.5267,,10
Phi-3-medium-128k-instruct,0.558,,,,,0.916,,0.814,,,,,,,,,,,,0.2758838383838384,,,0.824,,,,,0.1756042296072507,,0.78,0.874,,,,,,,,,,,,,0.739,,,,,0.815,10
gpt-5.1-2025-11-13_medium,,,,0.577,0.0653,,,,,,,,,,,0.2689655172413793,0.0416666666666666,,,0.8503787878787878,,,,,,,,,,,,,0.8555555555555555,,,,,,,0.66,,0.476,,,,0.533,1387.0,,,10
claude-3-opus-20240229,,,,,,,,,,,,,0.1,,,,,,,0.4715909090909091,,,,,,,49.16,0.3748111782477341,0.377459,0.846,,,0.0472222222222222,,,,0.235,,,,,,,,,,,0.2318,0.885,10
PaLM 540B,,,,,,0.852,,,0.887,,,,,,,,,,,,0.565,,0.838,,0.779,,,,,0.693,0.68,,,0.823,,,,,,,,,,0.814,,,,,0.851,10
gpt-5.2-2025-12-11_low,,,,0.5567,0.0972,,,,,,0.23,,,,,0.2655172413793103,0.0625,,,0.827020202020202,,,,,,,,,,,,,0.7888888888888889,,,,,0.347,,0.69,,,,,,,,0.496,,10
Phi-3-mini-4k-instruct,0.528,,,,,0.849,,0.717,,,,,,,,,,,,,,,0.767,,,,22.36,,,0.688,0.88,,,,,,,,,,,,,0.64,,,,,0.708,9
mpt-30b,,,,,,0.506,,0.38,0.79,,,,,,,,,,,,0.164,,,,,,,,,0.479,0.52,,,0.819,,,,,,,,,,0.736,,,,,0.71,9
gemma-2b,,,,,,0.421,,0.352,0.694,,,,,,,,,,,,0.177,,0.714,,,,,,,0.423,,,,0.773,,,,,,,,,,0.532,,,,,0.654,9
Meta-Llama-3-8B-Instruct,0.573,,,,,0.828,,,,,,,,,,,,,,0.2607323232323232,,,,,,,,0.0612726586102719,,0.688,0.826,,0.0083333333333333,,,,,,,,,,,0.677,,,,,0.65,9
DeepSeek-V3-0324,,55.1,,,,,,,,,,,,,,,,,,0.6761363636363636,,,,,,7.7,66.86,0.75547583081571,0.495813,,,,0.3777777777777777,,,,0.272,,,,,,,,,,,0.3608,,9
claude-haiku-4-5-20251001,,,,0.1433,0.0125,,,,,,,,,,,0.0413793103448275,,,,0.6047979797979798,,,,,,,,0.8691465256797583,,,,,0.3583333333333333,,,,,,,,,0.298,,,,,1286.0,0.454,,9
Phi-3-small-8k-instruct,0.581,,,,,0.907,,0.791,,,,,,,,,,,,,,,0.77,,,,24.03,,,0.757,0.88,,,,,,,,,,,,,0.581,,,,,0.815,9
gpt-5.4-2026-03-05_xhigh,,,0.359,0.9367,0.7395,,,,,,0.44,,,,,0.476,0.271,,,0.933,,,,,,,,,,,,,0.953,,,,,0.4483450351053159,,,,,,,,,,,,9
falcon-180B,,,,,,0.678,,,0.89,,,,,,,,,,,,0.544,,0.89,,0.798,,,,,0.706,0.642,,,0.849,,,,,,,,,,,,,,,0.871,9
claude-opus-4-5-20251101_32K,,,,0.758,,,,,,,0.12,,,,,0.2068965517241379,0.0416666666666666,,,0.860479797979798,,,,,,,,,,,,,0.8611111111111112,,,,,0.418,,,,,,,,0.4,1512.0,,,9
Llama-2-34b,,,,,,0.545,,0.441,0.837,,,,,,,,,,,,0.422,,,,,,,,,0.626,0.582,,,0.819,,,,,,,,,,0.846,,,,,0.767,9
Llama-4-Maverick-17B-128E-Instruct,,15.6,,0.044,0.0,,,,,,,,,,,,,,3069.0,,,,,0.0567999999999999,,6.37,,,,,,,,,,,0.277,,,0.2104,,,,,,,,0.2447,,9
grok-3-beta,,53.3,,,,,0.295,,,,,,,,0.583,0.0379310344827586,0.0,,,0.6758207070707071,,,,,,7.64,,0.8874622356495468,,,,,0.5555555555555556,,,,,,,,,,,,,,,,,9
gpt-4.1-nano-2025-04-14,,8.9,,0.0,0.0,,,,,,,,,,0.188,0.0103448275862068,,,,0.4892676767676767,,,,,,,,0.6999622356495468,,,,,0.2888888888888888,,,,,,,,,,,,,,,0.1898,,9
Mixtral-8x7B-v0.1,0.552,,,,,0.873,,,,,,,,,,,,,,,0.744,,0.867,,,,,,,0.706,0.858,,,0.836,,,,,,,,,,0.822,,,,,0.772,9
Llama-3.1-8B-Instruct,,,,,,,0.151,,0.828,,,,,,,,,,,0.2594696969696969,0.824,,,,,,,0.2287575528700906,,0.561,,,0.025,0.812,,,,,,,,,,,,,,0.0173,,9
gpt-4-0613,,,,,,,,0.7512,,,,,,,,,,,,0.3065025252525252,0.8999,,,,,,,0.2297016616314199,0.293044,0.824,,,0.0111111111111111,,,,,,,,,,,0.848,,,,0.1244,,9
gemini-1.5-flash-002,,,,,,,0.146,,,,,,,,,0.0,,,3934.0,0.4731691919191919,,,,,,,,0.6186744712990937,,0.739,,,0.1625,0.875,,,,,,,,,,,,,,0.2487,,9
gemini-2.5-pro-exp-03-25,,72.9,,,,,0.433,,,,,,,,0.906,,,,4019.0,0.8383838383838383,,,,0.1816,,8.05,82.35,,,,,,,,,,0.516,,,,,,,,,,,,,9
o1-preview-2024-09-12,,,,0.18,,,,,,,,,0.1,,,,,,,0.5031565656565656,,,,,,,,0.8164652567975831,0.492955,,,,0.3111111111111111,,,,0.417,,,,,,,,,,,0.4756,,8
claude-3-7-sonnet-20250219_16K,,,,0.286,0.007,,,,,,,,,,,0.0413793103448275,,,,0.7676767676767676,,,,,,8.11,,0.8625377643504532,0.599681,,,,0.4666666666666667,,,,,,,,,,,,,,,,,8
Baichuan-2-13B-Base,,,,,,0.38,,0.49,0.67,,,,,,,,,,,,0.528,,0.708,,0.74,,,,,0.592,,,,0.781,,,,,,,,,,,,,,,,8
internlm-7b,,,,,,0.695,,0.37,0.641,,,,,,,,,,,,0.312,,0.706,,0.67,,,,,0.51,,,,0.779,,,,,,,,,,,,,,,,8
claude-3-haiku-20240307,,,,,,,,,,0.12,,,,,,,,,,0.3630050505050505,,,,,,,,0.1487915407854985,,0.738,,,0.0180555555555555,,,0.72,,,,,,,,,,,,0.0984,0.742,8
chatglm2-6b,,,,,,0.61,,0.337,0.79,,,,,,,,,,,,0.324,,0.57,,0.543,,,,,0.479,,,,0.696,,,,,,,,,,,,,,,,8
gemini-2.5-flash-preview-04-17,,47.1,,,,,,,,,,,,0.2919,0.531,,,,3854.0,,,,,0.1208,,,,,,,,,0.7305555555555555,,,,,,,0.2873,,,,,,0.38,,,,8
glm-4.7,,,,,,,,,,,0.06,,,,,,,,,0.8333333333333334,,,,,,,,,,,,,0.8333333333333334,,0.0748,,0.477,0.315,,,,0.334,,,,,1441.0,,,8
vicuna-13b-v1.1,,,,,,0.432,,0.4304,0.835,,,,,,,,,,,,0.2813,,0.578,,,,,,,,0.33,,,0.774,,,,,,,,,,,,,,,0.708,8
claude-haiku-4-5-20251001_32K,,,,0.4767,0.0403,,,,,,,,,,,0.0590277777777777,0.0208333333333333,,,0.7121212121212122,,,,,,,,0.9636087945413192,,,,,0.6666666666666666,,,,,0.059,,,,,,,,,,,,8
gemini-2.0-flash-thinking-exp-01-21,,18.2,,,,,,,,,,,,,0.375,,,,,0.5707070707070707,,,,0.0655999999999999,,7.38,66.92,,,,,,0.5777777777777777,,,,0.307,,,,,,,,,,,,,8
gpt-3.5-turbo-1106,0.581,,,,,0.874,,,,,,,,,,,,,,0.2803030303030303,,,,,,,,0.158893504531722,,0.714,0.86,,,,,,,,,,,,,0.858,,,,,0.688,8
grok-2-1212,,,,,,,,,,,,,,,,0.0068965517241379,,,,0.5378787878787878,,,,,,6.36,54.3,0.6351963746223565,,,,,0.1152777777777777,,,,0.227,,,,,,,,,,,0.2224,,8
claude-opus-4-5-20251101_16K,,,,0.72,0.2278,,,,,,,,,,,0.2034482758620689,0.0208333333333333,,,0.8547979797979798,,,,,,,,,0.74969,,,,0.8166666666666667,,,,,,,,,,,,,,,0.637,,8
phi-2,0.425,,,,,0.759,,0.594,,,,,,,,,,,,,,,0.536,,,,,,,0.584,0.736,,,,,,,,,,,,,0.452,,,,,0.547,8
StableBeluga2,,,,,,0.861,,0.693,0.894,,,,,,,,,,,,0.696,,0.841,,0.713,,,,,0.686,,,,0.833,,,,,,,,,,,,,,,,8
Llama-3.3-70B-Instruct,,,,,,,0.23,,,,,,,,,,,,,0.4744318181818182,,,,,,,50.16,0.4159743202416918,,0.863,,,0.0513888888888888,,,,0.199,,,,,,,,,,,0.1444,,8
grok-3-mini-beta_low,,34.7,,0.165,,,,,,,,,,,,0.0275862068965517,,,,0.7626262626262627,,,,,,7.35,,0.9093655589123868,,,,,0.6222222222222222,,,,,,,,,,,,,,,,,7
RedPajama-INCITE-7B-Base,,,,,,0.391,,,0.693,,,,,,,,,,,,,,0.703,,,,,,,0.263,0.4,,,0.769,,,,,,,,,,,,,,,0.638,7
o1-2024-12-17_high,,61.7,,,,,,,,,,,,,,0.093103448275862,,,,0.7676767676767676,,,,,,,75.67,0.947129909365559,,,,,,,,,0.401,,,,,,,,,,,0.4382,,7
gpt-j-6b,,,,,,0.363,,,0.654,,,,,,,,,,,,,,0.662,,,,,,,0.257,0.382,,,0.754,,,,,,,,,,,,,,,0.645,7
claude-opus-4-6_unknown,,,0.298,,,,,,,,,,0.93,,,,,,,,,0.3333,,,,,,,0.788644,,,,,,,,,,,,,0.747,,,,,1556.29,0.779,,7
gpt2-xl,,,,,,0.25,,,0.618,,,,,,,,,,,,,,0.4,,,,,,0.101046,,0.224,,,0.705,,,,,,,,,,,,,,,0.583,7
grok-3-mini-beta_high,,49.3,,,,,,,,,,,,,,0.0586206896551724,,,,0.7462121212121212,,,,,,,,0.8806646525679759,,,,,0.7777777777777778,,,,,0.211,,,,,,,,,,0.4258,,7
Qwen-14B,,,,,,0.844,,0.534,0.862,,,,,,,,,,,,0.613,,,,0.711,,,,,0.663,,,,0.799,,,,,,,,,,,,,,,,7
internlm-20b,,,,,,0.817,,0.525,0.875,,,,,,,,,,,,0.629,,0.781,,0.718,,,,,,,,,0.803,,,,,,,,,,,,,,,,7
Qwen-1_8B,,,,,,0.532,,0.282,0.68,,,,,,,,,,,,0.212,,,,0.584,,,,,0.282,,,,0.733,,,,,,,,,,,,,,,,7
grok-4-fast,,,,0.485,0.0528,,,,,,,,0.3,,0.75,,,,,,,,,,,8.114,,,,,,,,,,,,,,,,,,,,,1149.0,0.4286,,7
Qwen2.5-72B,,,,,,0.945,,0.798,,,,,,,,,,,,,,,0.848,,,,,,,0.85,,,,0.826,,,,,,,,,,0.719,,,,,0.823,7
Qwen-7B,,,,,,0.753,,0.45,0.764,,,,,,,,,,,,0.517,,,,0.679,,,,,0.45,,,,0.779,,,,,,,,,,,,,,,,7
claude-opus-4-20250514_16K,,,,0.357,0.0861,,,,,,,,,,,,,,,0.7626262626262627,,,,,,,,,0.639292,,,,0.6,,,,,,,,,,,,,0.38,,0.434,,7
PaLM 62B,,,,,,0.525,,,0.848,,,,,,,,,,,,0.33,,,,,,,,,0.537,0.504,,,0.805,,,,,,,,,,,,,,,0.77,7
qwen3-max-2025-09-23,,,,,,,,,,,0.04,,,,,,,,,0.726010101010101,,,,,,8.711,,0.9712990936555892,,,,,0.7333333333333333,,0.0742,,,0.6746746746746747,,,,,,,,,,,,7
qwen2.5-72b-instruct,,,,,,,0.162,,,,,,,,,,,,,0.4914772727272727,,,,,,,,0.631703172205438,0.357771,0.853,,,0.0805555555555555,,,,,,,,,,0.118,,,,,,,7
dolly-v2-12b,,,,,,0.396,,,0.563,,,,,,,,,,,,,,0.708,,,,,,,0.262,0.392,,,0.754,,,,,,,,,,,,,,,0.618,7
open_llama_7b,,,,,,0.387,,,0.706,,,,,,,,,,,,,,0.718,,,,,,,0.299,0.39,,,0.76,,,,,,,,,,,,,,,0.67,7
DeepSeek-V2,,,,,,0.922,,0.788,,,,,,,,,,,,,,,0.871,,,,,,,0.784,,,,0.839,,,,,,,,,,0.8,,,,,0.863,7
Kimi-K2-Instruct,,59.1,,,,,,,,,,,,,,,,,,,,0.049,,,,8.693,,,,,,,,,,,0.263,,,0.438,,0.278,,,,,,0.3936,,7
opt-13b,,,,,,0.358,,,0.65,,,,,,,,,,,,,,0.699,,,,,,,0.251,0.398,,,0.757,,,,,,,,,,,,,,,0.647,7
Llama-4-Scout-17B-16E-Instruct,,,,0.005,0.0,,,,,,,,,,,0.0,,,,0.5183080808080808,,,,,,,,0.6227341389728097,,,,,0.0777777777777777,,,,,,,0.0906,,,,,,,,,,7
gpt-4-0314,,,,,,,,,,,,,,,,,,,,0.3573232323232323,0.92,,0.953,,,,,,0.361067,0.864,,,0.0055555555555555,,,,,,,,,,,,,,,,0.875,7
Gopher (280B),,,,,,,,,0.794,,,,,,,,,,,,,,0.792,,0.745,,,,,0.6,,,,0.818,,,,,,,,,,0.572,,,,,0.702,7
gpt-4-turbo-2024-04-09,,,,,,,,,,,,,,,,,,,,0.4659090909090909,,,,,,,,0.467333836858006,0.367357,0.813,,,0.0666666666666666,,,,0.251,,,,,,,,,,,0.1801,,7
Llama-3.1-70B-Instruct,,,,,,,0.279,,,,,,,,,,,,,0.4419191919191919,,,,,,,,0.366786253776435,,0.801,,,0.0361111111111111,,,,,,,,,,0.128,,,,,0.0897,,7
Llama-3.1-405B,,,,,,0.953,,0.829,,,,,,,,,,,,,,,0.892,,,,,,,0.844,,,,0.859,,,,,,,,,,0.827,,,,,0.892,7
gemini-2.5-pro-preview-03-25,,72.9,,0.33,,,,,,0.64,,,,,0.719,,,,,,,,,,,,,0.9556268882175226,,,,,,,,,0.516,,,,,,,,,0.48,,,,7
gemma-3-27b-it,,4.9,,,,,,,,,,,,,,,,,3087.0,0.4886363636363636,,,,,,7.99,49.99,0.740370090634441,,,,,0.1972222222222222,,,,,,,,,,,,,,,,,7
gemini-1.5-flash-001,,,,,,,,,0.858,,,,,,,,,,,0.4037247474747474,0.824,,,,,,,0.2512273413897281,,0.779,,,0.0388888888888888,,,,,,,,,,,,0.703,,,,,7
xgen-7b-8k-base,,,,,,0.412,,,0.743,,,,,,,,,,,,,,0.742,,,,,,,0.363,0.402,,,0.755,,,,,,,,,,,,,,,0.649,7
phi-4,,,,,,,0.116,,,,,,,,,,,,,0.5606060606060606,,,,,,6.26,41.61,0.6493580060422961,,0.848,,,0.1375,,,,,,,,,,,,,,,,,7
Baichuan-2-7B-Base,,,,,,0.325,,0.416,0.632,,,,,,,,,,,,0.246,,0.68,,0.733,,,,,0.5416,,,,,,,,,,,,,,,,,,,,7
Cerebras-GPT-13B,,,,,,0.324,,,0.611,,,,,,,,,,,,,,0.594,,,,,,,0.262,0.358,,,0.735,,,,,,,,,,,,,,,0.608,7
gemini-2.5-flash-preview-05-20,,44.0,,0.333,0.0169,,,,,,,,,,0.688,,,,3786.0,,,,,0.1096,,,,,,,,,0.7083333333333334,,,,,,,,,,,,,,,,,7
Nemotron-4 15B,,,,,,0.555,,0.587,,,,,,,,,,,,,0.46,,0.824,,,,,,,0.587,,,,0.824,,,,,,,,,,,,,,,0.78,7
kimi-k2-thinking,,,0.04,,,,,,,,,,,,,,,,,,,,,,,,,,0.591943,,,,,,0.0725,,,,,0.634,,0.357,,,,,,0.4279,,6
Llama-3.2-90B-Vision-Instruct,,,,,,,0.273,,,,,,,,,,,,2798.0,0.4103535353535353,,,,,,,,0.3943542296072507,,0.803,,,0.0263888888888888,,,,,,,,,,,,,,,,,6
gpt-3.5-turbo-0613,,,,,,,,0.6159,0.87,,,0.57,,,,,,,,,0.5777,,,,,,,,,0.689,,,,,,,,,,,,,,,,,,,0.816,6
gpt-4o-2024-05-13,,,,,,,0.323,,,,,,,,,,,,,0.4889520202020202,,,,,,,,0.5104796072507553,,0.842,,,0.0625,,,0.885,,,,,,,,,,,,,,6
phi-1_5,,,,,,0.444,,,0.758,,,,,,,,,,,,,,0.476,,,,,,,0.376,0.372,,,,,,,,,,,,,,,,,,0.734,6
INTELLECT-1-Instruct,,,,,,0.5452,,0.3485,,,,,,,,,,,,,0.3858,,0.7142,,,,,,,0.4989,,,,,,,,,,,,,,,,,,,0.6582,6
claude-opus-4-5-20251101_unknown,,,0.184,,,,,,,,,,0.82,,,,,,,,,0.2647,,0.252,,,,,,,,,,,,,0.62,,,,,0.631,,,,,,,,6
mistral-large-2407,,,,,,,,,,,,,,,,,,,,0.4902146464646464,,,,,,6.9,,0.4481684290030212,,0.8,,,0.0847222222222222,,,,0.225,,,,,,,,,,,,,6
fireworks/kimi-k2p5,,,,,,,,,,,0.12,,,,,0.279,0.042,,,0.876,,,,,,,,,,,,,0.922,,,,,0.339,,,,,,,,,,,,6
PaLM 2-M,,,,,,0.649,,,0.886,,,,,,,,,,,,,,0.84,,,,,,,,0.574,,,,,,,,,,,,,0.817,,,,,0.792,6
Yi-6B,,,,,,0.503,,0.428,,,,,,,,,,,,,0.325,,0.744,,,,,,,0.64,,,,,,,,,,,,,,,,,,,0.713,6
PaLM 2-S,,,,,,0.596,,,0.881,,,,,,,,,,,,,,0.82,,,,,,,,0.562,,,,,,,,,,,,,0.752,,,,,0.779,6
claude-sonnet-4-20250514_16K,,,,0.4,0.0593,,,,,,,,,,,,,,,0.7575757575757576,,,,,,,,,0.619725,,,,0.5333333333333333,,,,,,,,,,,,,,,0.4611,,6
claude-opus-4-6_32K,,,,,,,,,,,0.17,,,,,0.4,0.2083333333333333,,,0.9053030303030304,,,,,,,,,,,,,0.9305555555555556,,,,,0.464859437751004,,,,,,,,,,,,6
Meta-Llama-3-70B-Instruct,,,,,,,,,,,,,0.05,,,,,,,0.4056186868686868,,,,,,,,0.225547583081571,,0.793,0.476,,0.0430555555555555,,,,,,,,,,,,,,,,,6
opt-1.3b,,,,,,0.232,,,0.596,,,,,,,,,,,,,,0.415,,,,,,,,0.24,,,0.69,,,,,,,,,,,,,,,0.61,6
claude-3-sonnet-20240229,,,,,,,,,,,,,,,,,,,,0.4059343434343434,,,,,,,,0.1817409365558912,,0.759,,,0.025,,,,,,,,,,,,,,,0.1016,0.751,6
text-davinci-002,,,,,,0.852,,,0.877,,,,,,,,,,,,0.415,,0.815,,,,,,,0.7,,,,,,,,,,,,,,,,,,,0.816,6
Megatron-Turing NLG 530B,0.397,,,,,,,,0.8483,,,,,,,,,,,,,,0.824,,0.8715,,,,,,,,,0.8319,,,,,,,,,,,,,,,0.789,6
stablelm-tuned-alpha-7b,,,,,,0.27,,,0.59,,,,,,,,,,,,,,0.407,,,,,,,,0.324,,,0.658,,,,,,,,,,,,,,,0.515,6
gpt-neox-20b,,,,,,0.411,,,0.649,,,,,,,,,,,,,,0.705,,,,,,,,0.388,,,0.767,,,,,,,,,,,,,,,0.661,6
openai/gpt-oss-120b_high,,41.8,,,,,,,,,0.2,,,,,,,,,0.7575757575757576,,,,,,,,,,,,,0.8888888888888888,,,,,0.139,,,,,,,,,,0.4817,,6
gpt-5.4-pro-2026-03-05_xhigh,,,,0.945,0.8333,,,,,,0.586,,,,,0.5,,,,0.946,,,,,,,,,,,,,,,,,,0.478,,,,,,,,,,,,6
Qwen3-235B-A22B-Thinking-2507,,,,,,,,,,,0.12,,,,,,,,,0.8005050505050505,,,,,,8.495,,,,,,,0.8666666666666667,,,,,0.501002004008016,,,,,,,,,,0.4104,,6
claude-sonnet-4-5-20250929_16K,,,,0.4833,0.0694,,,,,,,,,,,,,,,0.7878787878787878,,,,,,,,,0.673842,,,,0.7111111111111111,,,,,,,,,,,,,,,0.4771,,6
Chinchilla (70B),,,,,,,,,0.837,,,,,,,,,,,,,,,,0.774,,,,,0.675,,,,0.818,,,,,,,,,,0.646,,,,,0.749,6
claude-opus-4-1-20250805_27K,,,,,,,,,,,,,,,,0.0724137931034482,0.0416666666666666,,,0.7676767676767676,,,,,,,,,,,,,0.6888888888888889,,,,,0.348,,,,,,,,,,,,5
gpt-oss-120b,,,,,,,,,,,,,,,,,,,,,,,,,,7.726,,,0.56634,,,,,,,,0.221,,,0.26,,0.187,,,,,,,,5
qwen2-72b-instruct,,,,,,,,,,,,,,,,,,,,0.4078282828282828,,,,,,,,0.3906722054380664,0.298999,0.824,,,,,,,,,,,,,0.042,,,,,,,5
gemini-2.0-pro-exp-02-05,,35.6,,,,,,,,,,,,,0.375,,,,,0.6565656565656566,,,,,,,65.13,0.8345921450151057,,,,,,,,,,,,,,,,,,,,,,5
gpt-5.1-2025-11-13_low,,,,0.3317,0.0194,,,,,,,,,,,0.1730103806228373,,,,,,,,,,,,,,,,,0.6388888888888888,,,,,,,,,,,,,,1359.0,,,5
amazon.nova-pro-v1:0,,,,,,,,,,,,,,,,,,,,,,,,0.044,,6.05,43.53,,,0.82,,,,,,,,,,,,,0.057,,,,,,,5
gemini-1.5-pro-001,,,,,,,,0.892,,,,,,,,,,,,0.4586489898989899,,,,,,,,0.4074773413897281,,0.859,,,0.0680555555555555,,,,,,,,,,,,,,,,,5
claude-2.0,,,,,,,,,,,,,,,,,,,,0.3465909090909091,,,,,,,,0.1172583081570997,,0.785,,,0.025,,,,,,,,,,,0.875,,,,,,5
gemini-2.0-flash-exp,,22.2,,,,,,,,,,,,,,,,,,,,,,,,7.15,59.26,,,0.797,,,,,,,0.189,,,,,,,,,,,,,5
claude-opus-4-1-20250805_16K,,,,,,,,,,,,,,,,,,,,0.7727272727272727,,,,,,,,,0.668069,,,,0.6444444444444445,,,,,,,,,,,,,0.33,,0.4276,,5
claude-3-7-sonnet-20250219_32K,,64.9,,,,,,,,,,,,,,0.0344827586206896,,,,0.7676767676767676,,,,,,,,0.9003021148036254,,,,,0.5333333333333333,,,,,,,,,,,,,,,,,5
qwen-max-2025-01-25,,21.8,,,,,,,,,,,,,,0.0103448275862068,,,,0.5612373737373737,,,,,,,,0.6718277945619335,,,,,0.1611111111111111,,,,,,,,,,,,,,,,,5
claude-sonnet-4-5-20250929_unknown,,,,,,,,,,,,,0.6,,,,,,,,,0.1471,,0.1372,,,,,,,,,,,,,0.543,,,,,0.465,,,,,,,,5
PaLM 2-L,,,,,,0.692,,,0.909,,,,,,,,,,,,,,0.868,,,,,,,,,,,,,,,,,,,,,0.861,,,,,0.83,5
gemma-2-27b-it,,,,,,,,,,,,,,,,,,,,0.3648989898989899,,,,,,,38.18,0.2788897280966767,,0.757,,,0.0138888888888888,,,,,,,,,,,,,,,,,5
gemma-2-9b-it,,,,,,,,,,,,,,,,,,,,0.2746212121212121,,,,,,,28.66,0.2100641993957704,,0.721,,,0.0055555555555555,,,,,,,,,,,,,,,,,5
muse-spark,,,,,,,,,,,,,,,,0.39,0.146,,,0.898,,,,,,,,,,,,,0.889,,,,,0.663,,,,,,,,,,,,5
deepseek-reasoner,,74.2,,,,,,,,,0.14,,,,,,,,,0.8342352092352093,,,,,,,,,,,,,0.878174603174603,,,,,0.275,,,,,,,,,,,,5
Qwen2.5-Coder-0.5B,,,,,,0.344,,,,,,,,,,,,,,,0.345,,0.484,,,,,,,0.42,,,,,,,,,,,,,,,,,,,0.548,5
Qwen2.5-Coder-1.5B,,,,,,0.452,,,,,,,,,,,,,,,0.658,,0.618,,,,,,,0.536,,,,,,,,,,,,,,,,,,,0.607,5
Qwen2.5-Coder-14B,,,,,,0.66,,,,,,,,,,,,,,,0.887,,0.802,,,,,,,0.752,,,,,,,,,,,,,,,,,,,0.768,5
MiniMax-M2.5,,,0.062,0.6367,0.0486,,,,,,,,,,,,,,,,,,,,,,,,,,,,,,0.095,,,,,,,0.422,,,,,,,,5
Qwen2.5-Coder-32B,,,,,,0.705,,,,,,,,,,,,,,,0.911,,0.83,,,,,,,0.791,,,,,,,,,,,,,,,,,,,0.808,5
gpt-5.2-2025-12-11_unknown,,,,0.1233,0.0083,,,,,,,,,,,,,,,,,,,0.278,,,,,,,,,,,,,0.4579999999999999,,,,,0.649,,,,,,,,5
Yi-34B-Chat,,,,,,,,0.717,,,,,,,,,,,,0.1474116161616161,0.76,,,,,,,0.0514539274924471,,0.735,,,,,,,,,,,,,,,,,,,,5
Qwen2.5-Coder-7B,,,,,,0.609,,,,,,,,,,,,,,,0.839,,0.768,,,,,,,0.68,,,,,,,,,,,,,,,,,,,0.729,5
Qwen3-Coder-480B-A35B-Instruct,,,,,,,,,,,,,,,,,,,,,,0.049,,,,,,,,,,,,,,,,,,0.554,,0.272,,,,,1285.0,0.4117,,5
claude-sonnet-4-20250514_32K,,61.3,,,,,,,,,,,,,,,,,2369.0,0.7828282828282829,,,,,,,,,,,,,0.7111111111111111,,,,,,,,,,,,,0.34,,,,5
mistral-medium-2505,,,,,,,,,,,,,,,,0.0034602076124567,,,,0.5953282828282829,,,,0.0452,,,,0.8162764350453172,,,,,0.3222222222222222,,,,,,,,,,,,,,,,,5
mistral-large-2411,,,,,,,,,,,,,,,,0.0034482758620689,,,,0.5132575757575758,,,,,,,48.43,0.5028323262839879,,,,,0.0777777777777777,,,,,,,,,,,,,,,,,5
claude-opus-4-6_max,,,0.317,,,,,,,,,,,,,0.407,0.229,,,,,,,0.3444,,,,,,,,,,,,,,0.4104104104104104,,,,,,,,,,,,5
claude-opus-4-6_64K,,,,,,,,,,,0.1,,,,,0.396551724137931,0.2083333333333333,,,0.8876262626262627,,,,,,,,,,,,,0.9444444444444444,,,,,,,,,,,,,,,,,5
gemini-2.5-flash,,,,,,,0.335,,,,,,,,,0.0484429065743944,0.0416666666666666,,,,,,,,,,,,,,,,,,,,0.412,,,,,0.171,,,,,,,,5
kimi-k2-thinking-turbo,,,,,,,,,,,0.2,,,,,,,,,0.8421717171717171,,,,,,,,,,,,,0.8305555555555556,,,,,0.316,,,,,,,,,1337.0,,,5
claude-3-7-sonnet-20250219_64K,,,,,,,,,,,,,,,,0.0310344827586206,,,,0.7850378787878788,,,,,,,,0.9116314199395772,,,,,0.5777777777777777,,,,,,,,,,,,,0.35,,,,5
gpt-3.5-turbo-0125,,,,,,,,,,,,,,,,,,,,0.271780303030303,,,,,,,,0.1163141993957704,,0.673,,,,,,,,,,,,,,,,,,0.0348,,4
gpt-5-2025-08-07_low,,81.3,,0.44,0.0194,,,,,,,,,0.51,,,,,,,,,,,,,,,,,,,,,,,,,,,,,,,,,,,,4
claude-instant-1.1,,,,,,0.857,,,,,,,,,,,,,,,0.809,,,,,,,,,0.734,,,,,,,,,,,,,,0.789,,,,,,4
claude-instant-1.2,,,,,,0.863,,,,,,,,,,,,,,,0.867,,,,,,,,,0.732,,,,,,,,,,,,,,0.787,,,,,,4
gpt-5.1-codex,,,0.206,,,,,,,,,,,,,,,,,,,,,,,,,,,,,,,,,,,,,0.66,,0.578,,,,,1331.0,,,4
gemini-1.5-pro-001-feb24,,,,,,,,0.84,,,,,0.075,,,,,,,,,,,,,,,,,0.827,,,,,,,,,,,,,,,0.75,,,,,4
gpt-5.1-2025-11-13_none,,,,0.0583,0.0042,,,,,,,,,,,0.0209790209790209,,,,,,,,0.068,,,,,,,,,,,,,,,,,,,,,,,,,,4
claude-opus-4-20250514_unknown,,,,,,,,,,,,,,,,,,,,,,0.0686,,0.1072,,,,,0.615452,,,,,,,,0.588,,,,,,,,,,,,,4
gemini-1.0-pro-001,,,,,,,,,,,,,,,,,,,,0.3396464646464646,,,,,,,,0.1124433534743202,,0.7,,,0.0111111111111111,,,,,,,,,,,,,,,,,4
gpt-5-pro-2025-10-06_unknown,,,,0.7017,0.1833,,,,,,,,,,,,,,,,,,,0.3164,,,,,,,,,,,,,0.616,,,,,,,,,,,,,4
falcon-11b,,,,,,,,,,,,,,,,,,,,,0.5383,,0.8291,,,,,,,0.584,,,,,,,,,,,,,,,,,,,0.783,4
claude-sonnet-4-5-20250929_59K,,,,,,,,,,,,,,,,0.1349480968858131,,,,0.8232323232323232,,,,,,,,,,,,,0.7777777777777778,,,,,0.236,,,,,,,,,,,,4
deepseek/deepseek-v3.2,,,,0.57,0.0403,,,,,,,,,,,,,,,,,,,,,,,,,,,,,,,,,,,,,0.396,,,,,1286.0,,,4
deepseek-coder-6.7b-base,,,,,,0.364,,,,,,,,,,,,,,,0.213,,,,,,,,,0.364,,,,,,,,,,,,,,,,,,,0.576,4
deepseek-coder-33b-base,,,,,,0.422,,,,,,,,,,,,,,,0.354,,,,,,,,,0.394,,,,,,,,,,,,,,,,,,,0.62,4
claude-sonnet-4-6_32K,,,,,,,,,,,0.13,,,,,,,,,0.8737373737373737,,,,,,,,,,,,,0.857936507936508,,,,,0.29,,,,,,,,,,,,4
gpt-5-2025-08-07_minimal,,,,0.06,0.0,,0.328,,,,,,,0.497,,,,,,,,,,,,,,,,,,,,,,,,,,,,,,,,,,,,4
gpt-5-pro-2025-10-06_high,,,,0.702,,,,,,,,,,,,,0.146,,,,,,,,,,,,,,,,,,,,0.616,,,,,,,,,,,0.6039,,4
deepseek-coder-1.3b-base,,,,,,0.254,,,,,,,,,,,,,,,0.044,,,,,,,,,0.258,,,,,,,,,,,,,,,,,,,0.533,4
Yi-9B,,,,,,0.556,,,,,,,,,,,,,,,,,0.764,,,,,,,0.684,,,,,,,,,,,,,,,,,,,0.73,4
starcoder2-15b,,,,,,0.472,,,,,,,,,,,,,,,0.577,,,,,,,,,0.641,,,,,,,,,,,,,,,,,,,0.643,4
DeepSeek-V3.1,,,,,,,,,,,,,,,0.531,,,,,,,,,,,8.507,,,,,,,,,,,0.4,,,,,,,,,,,0.375,,4
Mistral-7B-Instruct-v0.2,,,,,,,,,0.832,,,,,,,,,,,,0.354,,,,,,,,,0.625,,,,0.822,,,,,,,,,,,,,,,,4
Qwen3-235B-A22B-Instruct-2507,,59.6,,0.11,0.0125,,,,,,,,,,,,,,,,,,,,,,,,,,,,,,,,,,,,,,,,,,,0.387,,4
Llama-4-Maverick-17B-128E-Instruct-FP8,,,,,,,,,,,,,,,,0.0068965517241379,,,,0.6698232323232324,,,,,,,,0.7301737160120846,,,,,0.2055555555555555,,,,,,,,,,,,,,,,,4
starcoder2-7b,,,,,,0.387,,,,,,,,,,,,,,,0.327,,,,,,,,,0.388,,,,,,,,,,,,,,,,,,,0.571,4
starcoder2-3b,,,,,,0.342,,,,,,,,,,,,,,,0.216,,,,,,,,,0.366,,,,,,,,,,,,,,,,,,,0.571,4
GLaM (MoE),,,,,,,,,,,,,,,,,,,,,,,0.772,,,,,,,,0.63,,,,,,,,,,,,,0.758,,,,,0.792,4
Qwen2.5-Coder-32B-Instruct,,16.4,,,,,,,,,,,,,,,,,,,0.93,,,,,,46.23,,,,,,,,,,,,,0.09,,,,,,,,,,4
Inflection-1,,,,,,,,,0.897,,,,,,,,,,,,,,,,0.785,,,,,0.727,,,,0.842,,,,,,,,,,,,,,,,4
magistral-small-2506,,,,0.05,0.0,,,,,,,,,,,,,,,0.4842171717171717,,,,,,,,,,,,,0.3,,,,,,,,,,,,,,,,,4
qwen3-235b-a22b,,,,,,,,,,,,,,,,,,,,0.7070707070707071,,,,,,8.3,,0.6885699899295065,,,,,,,,,0.31,,,,,,,,,,,,,4
mistral-small-2503,,,,,,,,,,,,,,,,,,,,0.4747474747474747,,,,,,,43.96,0.4677114803625378,,,,,0.0583333333333333,,,,,,,,,,,,,,,,,4
mistral-small-2501,,,,,,,,,,,,,,,,,,,,0.4529671717171717,,,,,,,42.55,0.4481684290030212,,,,,0.0527777777777777,,,,,,,,,,,,,,,,,4
mistral-large-2402,,,,,,,,,,,,,,,,,,,,0.3876262626262626,,,,,,,,0.2446185800604229,,0.688,,,0.0194444444444444,,,,,,,,,,,,,,,,,4
grok-3,,,,0.055,0.0,,,,,,,,,,,,,,,,,,,,,,,,,,,,,,,,0.361,,,,,,,,,,,0.3724,,4
Qwen2.5-Coder-3B,,,,,,0.529,,,,,,,,,,,,,,,0.757,,0.709,,,,,,,,,,,,,,,,,,,,,,,,,,0.674,4
o1-mini-2024-09-12_high,,,,,,,,,,,,,,,,0.0137931034482758,,,,0.6237373737373737,,,,,,,,0.8918051359516617,,,,,0.4694444444444444,,,,,,,,,,,,,,,,,4
Baichuan-7B,,,,,,,,0.3248,,,,,,,,,,,,,0.092,,,,,,,,,0.423,,,,0.762,,,,,,,,,,,,,,,,4
claude-2.1,,,,,,,,,,,,,,,,,,,,0.3295454545454545,,,,,,,,,,0.735,,,0.0194444444444444,,,,,,,,,,,,,,,0.0706,,4
o3-pro-2025-06-10_high,,84.9,,0.593,0.0486,,,,,,,,,,,,,,,,,,,,,,,,,,,,,,,,,,,,,,,,,,,0.5821,,4
DeepSeek-R1-Distill-Llama-70B,,,,,,,,,,,,,,,,,,,,0.5574494949494949,,,,,,,54.5,0.8989803625377644,,,,,0.5138888888888888,,,,,,,,,,,,,,,,,4
gpt-5.4-2026-03-05_high,,,,0.9267,0.675,,,,,,,,,,,,,,,,,,,,,,,,,,,,,,0.2023,,,,,,0.768595041322314,,,,,,,,,4
o3-pro-2025-06-10_medium,,,,0.57,0.0194,,,,,,,,,,0.889,,,,,,,,,,,8.628,,,,,,,,,,,,,,,,,,,,,,,,4
DeepSeek-Coder-V2-Lite-Base,,,,,,0.573,,,,,,,,,,,,,,,0.671,,,,,,,,,0.605,,,,,,,,,,,,,,,,,,,0.729,4
gpt-neo-2.7B,,,,,,,,,0.618,,,,,,,,,,,,,,0.427,,,,,,,,0.232,,,0.729,,,,,,,,,,,,,,,,4
CodeQwen1.5-7B,,,,,,0.357,,,,,,,,,,,,,,,0.377,,,,,,,,,0.405,,,,,,,,,,,,,,,,,,,0.598,4
gpt-5.3-codex,,,,,,,,,,,,,,,,,,,,,,,,,,,,,0.745439,,,,,,0.1377,,,,,,,0.773,,,,,,0.793,,4
Llama-2-70b-chat-hf,,,,,,,,,,,,,,,,,,,,0.2632575757575757,,,,,,,,0.0328549848942598,,,,,0.0,,,,,,,,,,,,,,,,,3
davinci,,,,,,,,,0.722,,,,,,,,,,,,0.09,,0.775,,,,,,,,,,,,,,,,,,,,,,,,,,,3
o3-mini-2025-01-31_low,,,,0.145,0.0,,,,,,,,,,,,,,,,,,,,,,62.45,,,,,,,,,,,,,,,,,,,,,,,3
Mistral-Nemo-Base-2407,,,,,,,,,0.825,,,,,,,,,,,,0.842,,,,,,,,,,,,,0.835,,,,,,,,,,,,,,,,3
Llama-3.1-Tulu-3-70B-DPO,,,,,,,,,,,,,,,,,,,,0.4627525252525252,,,,,,,,0.426642749244713,,,,,0.0444444444444444,,,,,,,,,,,,,,,,,3
opt-66b,,,,,,,,,0.76,,,,,,,,,,,,0.018,,0.745,,,,,,,,,,,,,,,,,,,,,,,,,,,3
opt-175b,,,,,,,,,0.793,,,,,,,,,,,,0.04,,0.791,,,,,,,,,,,,,,,,,,,,,,,,,,,3
o4-mini-2025-04-16_low,,,,0.213,0.0167,,,,,,,,,,,0.1068965517241379,,,,,,,,,,,,,,,,,,,,,,,,,,,,,,,,,,3
Baichuan-13B-Base,,,,,,,,0.4301,,,,,,,,,,,,,0.268,,,,,,,,,0.516,,,,,,,,,,,,,,,,,,,,3
Mistral-7B-Instruct-v0.3,,,,,,,,,,,,,,,,,,,,0.1518308080808081,,,,,,,,0.0359705438066465,,0.599,,,,,,,,,,,,,,,,,,,,3
gpt-4-1106-preview,,,,,,,,,,,,,,,,,,,,0.4236111111111111,,,,,,,,0.4002077039274924,0.404329,,,,,,,,,,,,,,,,,,,,,3
Llama-2-70b-chat,,,,,,,,0.585,,,,,,,,,,,,,0.587,,,,,,,,,0.599,,,,,,,,,,,,,,,,,,,,3
Hermes-2-Theta-Llama-3-70B,,,,,,,,,,,,,,,,,,,,0.3746843434343434,,,,,,,,0.226869335347432,,,,,0.025,,,,,,,,,,,,,,,,,3
Llama-2-13b-chat,,,,,,,,0.582,,,,,,,,,,,,,0.369,,,,,,,,,0.509,,,,,,,,,,,,,,,,,,,,3
text-curie-001,,,,,,,,,0.62,,,,,,,,,,,,0.006,,0.676,,,,,,,,,,,,,,,,,,,,,,,,,,,3
Baichuan2-13B-Chat,,,,,,,,0.472,,,,,,,,,,,,,0.457,,,,,,,,,0.551,,,,,,,,,,,,,,,,,,,,3
gemini-exp-1206,,38.2,,,,,,,,,,,,,,,,,,,,,,,,,64.09,,,,,,,,,,0.311,,,,,,,,,,,,,3
gemini-2.5-pro_16K,,,,0.41,0.0403,,,,,,,,,,,,,,,,,,,,,,,,,,,,,,,,,,,,,,,,,,,0.5403,,3
gemma-2-9b,,,,,,,,,0.857,,,,,,,,,,,,0.849,,,,,,,,,,,,,0.837,,,,,,,,,,,,,,,,3
DeepSeek-Coder-V2-Base,,,,,,0.643,,,,,,,,,,,,,,,0.858,,,,,,,,,,,,,,,,,,,,,,,,,,,,0.837,3
gemini-2.5-flash-preview-09-2025,,,,,,,,,,,,,,,,,,,,,,,,,,,,,,,,,,,,,,,,,,0.171,0.518,,,0.462,,,,3
text-davinci-003,,,,,,,,,0.881,,,,,,,,,,,,0.782,,0.855,,,,,,,,,,,,,,,,,,,,,,,,,,,3
gemini-2.5-flash-preview-05-20_23K,,55.1,,0.3233,0.0254,,,,,,,,,,,,,,,,,,,,,,,,,,,,,,,,,,,,,,,,,,,,,3
gemini-2.5-flash-preview-05-20_16K,,,,0.333,0.0198,,,,,,,,,,,,,,,,,,,,,,,,,,,,,,,,,,,,,,,,,,,0.4095,,3
glm-4.5,,,,,,,,,,,,,,,,,,,,,,,,0.0832,,7.803,,,,,,,,,,,,,,0.542,,,,,,,,,,3
qwen-plus-2025-01-25,,,,,,,,,,,,,,,,,,,,0.4810606060606061,,,,,,,,0.6527567975830816,,,,,0.1777777777777777,,,,,,,,,,,,,,,,,3
glm-4.6,,,0.03,,,,,,,,,,,,,,,,,,,,,,,,,,,,,,,,,,,,,,,0.245,,,,,1366.0,,,3
DeepSeek-V3.2-Exp,,70.2,,,,,,,,,,,,,,,,,,,,,,,,,,,,,,,,,,,,,,,,,0.524,,,,1290.0,,,3
text-babbage-001,,,,,,,,,0.451,,,,,,,,,,,,0.0,,0.561,,,,,,,,,,,,,,,,,,,,,,,,,,,3
DeepSeek-V3.2-Exp_thinking,,74.2,,,,,,,,,,,,,,,,,,,,,,,,,,,,,,,,,,,,,,,,,,,,,1367.0,0.3948,,3
text-ada-001,,,,,,,,,0.464,,,,,,,,,,,,0.004,,0.429,,,,,,,,,,,,,,,,,,,,,,,,,,,3
claude-3-7-sonnet-20250219_unknown,,,,,,,,,,,,,,,,,,,,,,0.038,,0.0804,,,,,,,,,,,,,0.4639999999999999,,,,,,,,,,,,,3
gpt-4-0125-preview,,,,,,,,,,,,,,,,,,,,0.4226641414141414,,,,,,,,0.3541351963746224,0.351726,,,,,,,,,,,,,,,,,,,,,3
qwen2.5-32b-instruct,,,,,,,,,,,,,,,,,,,,0.4608585858585858,,,,,,,,0.5607061933534743,,,,,0.0736111111111111,,,,,,,,,,,,,,,,,3
qwen-turbo-2024-11-01,,,,,,,,,,,,,,,,,,,,0.4179292929292929,,,,,,,,0.5623111782477341,,,,,0.0611111111111111,,,,,,,,,,,,,,,,,3
curie,,,,,,,,,0.656,,,,,,,,,,,,0.016,,0.682,,,,,,,,,,,,,,,,,,,,,,,,,,,3
claude-3-7-sonnet-20250219_8K,,,,0.212,0.009,,,,,,,,,,0.531,,,,,,,,,,,,,,,,,,,,,,,,,,,,,,,,,,,3
Phi-3.5-mini-instruct,,,,,,,,,0.78,,,,,,,,,,,,0.862,,,,,,,,,,,,,0.81,,,,,,,,,,,,,,,,3
T5-11B,,,,,,,,,0.912,,,0.678,,,,,,,,,,,,,,,,,,,,,,,,,,,0.889,,,,,,,,,,,3
T5-Large,,,,,,,,,0.854,,,0.546,,,,,,,,,,,,,,,,,,,,,,,,,,,0.827,,,,,,,,,,,3
internlm-chat-20b,,,,,,,,0.424,,,,,,,,,,,,,0.157,,,,,,,,,0.574,,,,,,,,,,,,,,,,,,,,3
grok-code-fast-1,,,,,,,,,,,,,,,,,,,,,,,,,,,,,,,,,,,,,,,,,,0.258,,,,,1139.0,0.3506,,3
Yi-34B,,,,,,,,0.543,,,,,,,,,,,,,0.672,,,,,,,,,0.763,,,,,,,,,,,,,,,,,,,,3
Yi-6B-Chat,,,,,,,,0.472,,,,,,,,,,,,,0.449,,,,,,,,,0.61,,,,,,,,,,,,,,,,,,,,3
ada,,,,,,,,,0.581,,,,,,,,,,,,0.006,,0.435,,,,,,,,,,,,,,,,,,,,,,,,,,,3
babbage,,,,,,,,,0.574,,,,,,,,,,,,0.007,,0.555,,,,,,,,,,,,,,,,,,,,,,,,,,,3
bloom,,,,,,,,,0.704,,,,,,,,,,,,0.095,,0.744,,,,,,,,,,,,,,,,,,,,,,,,,,,3
claude-opus-4-20250514_27K,,,,,,,,,,,,,,,,0.0413793103448275,0.0416666666666666,,,,,,,,,,,,,,,,0.6444444444444445,,,,,,,,,,,,,,,,,3
c4ai-command-r-plus-08-2024,,,,,,,,,,,,,,,,,,,,,,,,,,,31.76,,,0.694,,,,,,,0.174,,,,,,,,,,,,,3
gpt-oss-120b_high,,41.8,0.047,,,,,,,,,,,,,,,,,,,,,,,,,,,,,,,,,,,,,,,,,,,,,0.4817,,3
claude-opus-4-1-20250805_unknown,,,,,,,,,,,,,,,,,,,,,,,,0.1152,,,,,,,,,,,,,0.6,,,,,0.38,,,,,,,,3
gpt-5.3-codex_high,,,0.317,,,,,,,,,,,,,,,,,,,,,,,,,,,,,,,,0.1776,,,,,,0.7479338842975206,,,,,,,,,3
gpt-5.1-codex-max,,,,,,,,,,,,,,,,,,,,,,,,,,,,,0.715789,,,,,,0.1968,,,,,,,0.604,,,,,,,,3
claude-haiku-4-5-20251001_16K,,,,0.3733000000000001,0.0278,,,,,,,,,,,,,,,,,,,,,,,,,,,,,,,,,,,,,,,,,,,0.441,,3
gpt-5.2-codex,,,0.276,,,,,,,,,,,,,,,,,,,,,,,,,,,,,,,,0.1722,,,,,,,0.665,,,,,,,,3
gpt-5.2-2025-12-11_none,,,,,,,,,,,,,,,,,,0.497,,,,,,,,,,,,,,,,,0.2138,,,,,,,,,,,,,0.496,,3
T5-3B,,,,,,,,,0.899,,,0.602,,,,,,,,,,,,,,,,,,,,,,,,,,,0.864,,,,,,,,,,,3
claude-opus-4-6_120K,,,,0.94,0.6917,,,,,,0.13,,,,,,,,,,,,,,,,,,,,,,,,,,,,,,,,,,,,,,,3
Phi-3.5-MoE-instruct,,,,,,,,,0.846,,,,,,,,,,,,0.887,,,,,,,,,,,,,0.886,,,,,,,,,,,,,,,,3
o3-2025-04-16_low,,,,0.415,0.0199,,,,,,,,,,,0.0972222222222222,,,,,,,,,,,,,,,,,,,,,,,,,,,,,,,,,,3
Qwen-14B-Chat,,,,,,,,0.55,,,,,,,,,,,,,0.612,,,,,,,,,0.65,,,,,,,,,,,,,,,,,,,,3
claude-sonnet-4-20250514_unknown,,,,,,,,,,,,,,,,,,,,,,0.049,,0.0776,,,,,,,,,,,,,0.455,,,,,,,,,,,,,3
Qwen2.5-VL-72B-Instruct,,,,,,,,,,,,,,,,,,,3448.0,,,,,,,,,,,,,5.0,,,,,,,,,,,,,0.735,,,,,3
o1-mini-2024-09-12_unknown,,32.9,,0.14,0.0083,,,,,,,,,,,,,,,,,,,,,,,,,,,,,,,,,,,,,,,,,,,,,3
claude-sonnet-4-6,,,,,,,,,,,,,,,,,,,,,,,,,,,,,,,,,,,0.1642,,,,,,0.7520661157024794,,,,,,1522.86,,,3
gpt-5-codex,,,0.2,,,,,,,,,,,,,,,,,,,,,,,,,,,,,,,,,,,,,,,0.443,,,,,,0.5453,,3
gpt-5-2025-08-07_unknown,,,,,,,,,,,,,,0.5513,,,,,,,,,,0.2532,,,,,,,,,,,,,,,,,,0.496,,,,,,,,3
gpt-5.4-2026-03-05_low,,,,0.6817000000000001,0.2917,,,,,,,,,,,,,,,,,,,,,,,,,,,,,,,,,,,,,,,,,,,,,2
gpt-5.1-2025-11-13_unknown,,,,,,,,,,,,,,,,,,,,,,,,0.2368,,,,,,,,,,,,,,,,,,0.476,,,,,,,,2
mpt-30b-instruct,,,,,,,,,0.85,,,,,,,,,,,,0.344,,,,,,,,,,,,,,,,,,,,,,,,,,,,,2
gpt-5.4-2026-03-05_medium,,,,0.8617,0.5542,,,,,,,,,,,,,,,,,,,,,,,,,,,,,,,,,,,,,,,,,,,,,2
tiny-recursion-model,,,,0.4,0.0625,,,,,,,,,,,,,,,,,,,,,,,,,,,,,,,,,,,,,,,,,,,,,2
o3-pro-2025-06-10_low,,,,0.443,0.0205,,,,,,,,,,,,,,,,,,,,,,,,,,,,,,,,,,,,,,,,,,,,,2
vicuna-13b-v1.3,,,,,,,,,0.808,,,,,,,,,,,,0.226,,,,,,,,,,,,,,,,,,,,,,,,,,,,,2
open-mistral-7b,,,,,,,,,,,,,,,,,,,,0.132260101010101,,,,,,,,0.0368202416918429,,,,,,,,,,,,,,,,,,,,,,2
gpt-5.1-codex-mini,,,,,,,,,,,,,,,,,,,,,,,,,,,,,,,,,,,,,,,,,,0.431,,,,,1247.0,,,2
zai-org/GLM-4.6,,,,,,,,,,,,,,,,0.0381944444444444,0.0212765957446808,,,,,,,,,,,,,,,,,,,,,,,,,,,,,,,,,2
gpt-5.2-pro-2025-12-11_medium,,,,0.8117000000000001,0.3847,,,,,,,,,,,,,,,,,,,,,,,,,,,,,,,,,,,,,,,,,,,,,2
zai-org/GLM-4.7,,,,,,,,,,,,,,,,0.024390243902439,0.0,,,,,,,,,,,,,,,,,,,,,,,,,,,,,,,,,2
gpt-5.2-pro-2025-12-11_high,,,,0.8567,0.5416,,,,,,,,,,,,,,,,,,,,,,,,,,,,,,,,,,,,,,,,,,,,,2
gpt-5-mini-2025-08-07_low,,,,0.2633,0.0083,,,,,,,,,,,,,,,,,,,,,,,,,,,,,,,,,,,,,,,,,,,,,2
gpt-4-32k-0314,,,,,,,,,,,,,,,,,,,,,,,0.953,,,,,,,,,,,,,,,,,,,,,,,,,,0.875,2
gpt-5-mini-2025-08-07_unknown,,,,,,,,,,,,,,,,,,,,,,,,0.1944,,,,,,,,,,,,,,,,,,0.348,,,,,,,,2
sonar,,,,,,,,,,,,,,0.3775,,,,,,,,,,,,,46.88,,,,,,,,,,,,,,,,,,,,,,,2
gpt-5-nano-2025-08-07_low,,,,0.0404,0.0,,,,,,,,,,,,,,,,,,,,,,,,,,,,,,,,,,,,,,,,,,,,,2
gpt-4-turbo,,,,,,,,,,,,,,,,,,,,,,,,,,,,,0.271786,0.796,,,,,,,,,,,,,,,,,,,,2
gpt-5-nano-2025-08-07_minimal,,,,0.015,0.0,,,,,,,,,,,,,,,,,,,,,,,,,,,,,,,,,,,,,,,,,,,,,2
moonshotai/Kimi-K2-Thinking,,,,,,,,,,,,,,,,0.2140350877192982,0.0,,,,,,,,,,,,,,,,,,,,,,,,,,,,,,,,,2
ministral-8b-2410,,,,,,,,,,,,,,,,,,,,0.2714646464646464,,,,,,,,0.149358006042296,,,,,,,,,,,,,,,,,,,,,,2
qwen2.5-7b-instruct,,,,,,,0.078,,,,,,,,,,,,,,,,,,,,,,,0.729,,,,,,,,,,,,,,,,,,,,2
qwen2.5-max,,,,,,,,,,,,,,,,,,,,,,,,,,7.29,62.29,,,,,,,,,,,,,,,,,,,,,,,2
ministral-3b-2410,,,,,,,,,,,,,,,,,,,,0.2525252525252525,,,,,,,,0.1444486404833836,,,,,,,,,,,,,,,,,,,,,,2
o3-2025-04-16_unknown,,76.9,,,,,,,,,,,,,,,,,,,,,,,,,,,0.636235,,,,,,,,,,,,,,,,,,,,,2
open-mistral-nemo-2407,,,,,,,,,,,,,,,,,,,,0.2989267676767677,,,,,,,,0.1082892749244713,,,,,,,,,,,,,,,,,,,,,,2
magistral-medium-2506,,,,0.0591,0.0,,,,,,,,,,,,,,,,,,,,,,,,,,,,,,,,,,,,,,,,,,,,,2
gpt-5-mini-2025-08-07_minimal,,,,0.0533,0.0167,,,,,,,,,,,,,,,,,,,,,,,,,,,,,,,,,,,,,,,,,,,,,2
moonshotai/kimi-k2-0905,,59.1,,,,,,,,,,,,,,,,,,,,,,,,8.729,,,,,,,,,,,,,,,,,,,,,,,,2
grok-4-1-fast-reasoning,,,,,,,,,,,,,,,,,,,,,,,,,,,,,,,,,,,,,0.56,,,,,,,,,,1223.0,,,2
open-mixtral-8x7b,,,,,,,,,,,,,,,,,,,,0.2982954545454545,,,,,,,,0.0995090634441087,,,,,,,,,,,,,,,,,,,,,,2
open-mixtral-8x22b,,,,,,,,,,,,,,,,,,,,0.3405934343434343,,,,,,,,0.2424471299093655,,,,,,,,,,,,,,,,,,,,,,2
gemini-3.1-flash-lite,,,0.128,,,,,,,,,,,,,,,,,,,,,,,,,,,,,,,,,,,,,,,,,,,,,0.5219,,2
grok-4-0709_high,,79.6,,,,,,,,,,,,,,,,0.211,,,,,,,,,,,,,,,,,,,,,,,,,,,,,,,,2
grok-3-mini_low,,,,0.165,0.0042,,,,,,,,,,,,,,,,,,,,,,,,,,,,,,,,,,,,,,,,,,,,,2
zai-org/glm-4.7,,,0.031,,,,,,,,,,,,,,,,,,,,,,,,,,,,,,,,,,0.477,,,,,,,,,,,,,2
gemini-3-deep-think-preview,,,,0.875,0.8458,,,,,,,,,,,,,,,,,,,,,,,,,,,,,,,,,,,,,,,,,,,,,2
claude-opus-4-5-20251101_64K,,,,0.8,0.3764,,,,,,,,,,,,,,,,,,,,,,,,,,,,,,,,,,,,,,,,,,,,,2
Qwen2-VL-72B-Instruct,,,,,,,0.128,,,,,,,,,,,,,,,,,,,,,,,,,,,,,,,,,,,,,,0.712,,,,,2
claude-sonnet-4-6_max,,,,0.86,0.5833,,,,,,,,,,,,,,,,,,,,,,,,,,,,,,,,,,,,,,,,,,,,,2
claude-sonnet-4-6_high,,,,0.865,0.6042,,,,,,,,,,,,,,,,,,,,,,,,,,,,,,,,,,,,,,,,,,,,,2
Qwen/Qwen3-235B-A22B-Thinking-2507,,,,,,,,,,,,,,,,0.0848056537102473,0.0,,,,,,,,,,,,,,,,,,,,,,,,,,,,,,,,,2
WizardLM-2-8x22B,,,,,,,,,,,,,,,,,,,,0.4343434343434343,,,,,,,,0.2573640483383685,,,,,,,,,,,,,,,,,,,,,,2
claude-sonnet-4-5-20250929_8K,,,,0.465,0.0694,,,,,,,,,,,,,,,,,,,,,,,,,,,,,,,,,,,,,,,,,,,,,2
Yi-1.5-34B-Chat,,,,,,,,,,,,,,,,,,,,0.319760101010101,,,,,,,,0.2548149546827795,,,,,,,,,,,,,,,,,,,,,,2
claude-sonnet-4-5-20250929_1K,,,,0.31,0.0583,,,,,,,,,,,,,,,,,,,,,,,,,,,,,,,,,,,,,,,,,,,,,2
claude-sonnet-4-20250514_8K,,,,0.29,0.0212,,,,,,,,,,,,,,,,,,,,,,,,,,,,,,,,,,,,,,,,,,,,,2
claude-sonnet-4-20250514_59K,,,,,,,,,,,,,,,,,,,,0.7781991873045173,,,,,,,,,,,,,0.6888888888888889,,,,,,,,,,,,,,,,,2
Qwen-VL-Chat,,,,,,,,,,,,,,,,,,,,,,,,,,,,,,,,,,,,0.682,,,,,,,,,0.411,,,,,2
claude-sonnet-4-20250514_1K,,,,0.28,0.0085,,,,,,,,,,,,,,,,,,,,,,,,,,,,,,,,,,,,,,,,,,,,,2
amazon.nova-lite-v1:0,,,,,,,,,,,,,,,,,,,,,,,,,,,36.35,,,0.77,,,,,,,,,,,,,,,,,,,,2
claude-opus-4-5-20251101_8K,,,,0.5867,0.1389,,,,,,,,,,,,,,,,,,,,,,,,,,,,,,,,,,,,,,,,,,,,,2
amazon.nova-micro-v1:0,,,,,,,,,,,,,,,,,,,,,,,,,,,29.59,,,0.708,,,,,,,,,,,,,,,,,,,,2
Qwen2-VL-7B-Instruct,,,,,,,0.037,,,,,,,,,,,,,,,,,,,,,,,,,,,,,,,,,,,,,,0.639,,,,,2
claude-opus-4-20250514_8K,,,,0.307,0.0452,,,,,,,,,,,,,,,,,,,,,,,,,,,,,,,,,,,,,,,,,,,,,2
claude-opus-4-20250514_32K,,72.0,,,,,,,,,,,,,,,,,2915.0,,,,,,,,,,,,,,,,,,,,,,,,,,,,,,,2
claude-opus-4-20250514_1K,,,,0.27,0.0,,,,,,,,,,,,,,,,,,,,,,,,,,,,,,,,,,,,,,,,,,,,,2
claude-haiku-4-5-20251001_8K,,,,0.255,0.0167,,,,,,,,,,,,,,,,,,,,,,,,,,,,,,,,,,,,,,,,,,,,,2
claude-haiku-4-5-20251001_1K,,,,0.1683,0.0125,,,,,,,,,,,,,,,,,,,,,,,,,,,,,,,,,,,,,,,,,,,,,2
QwQ-32B,,20.9,,,,,,,,,,,,,,,,,,,,,,,,,71.96,,,,,,,,,,,,,,,,,,,,,,,2
claude-3-7-sonnet-20250219_1K,,,,0.116,0.004,,,,,,,,,,,,,,,,,,,,,,,,,,,,,,,,,,,,,,,,,,,,,2
c4ai-command-r-08-2024,,,,,,,,,,,,,,,,,,,,,,,,,,,27.48,,,0.652,,,,,,,,,,,,,,,,,,,,2
chatgpt-4o-01-29-2025,,27.1,,,,,,,,,,,,,0.656,,,,,,,,,,,,,,,,,,,,,,,,,,,,,,,,,,,2
claude-1.3,,,,,,,,,,,,,,,,,,,,,,,,,,,,,,0.77,,,,,,,,,,,,,,0.867,,,,,,2
Llama-3.2-11B-Vision-Instruct,,,,,,,0.168,,,,,,,,,,,,,,,,,,,,,,,0.565,,,,,,,,,,,,,,,,,,,,2
Mixtral-8x7B-Instruct-v0.1,,,,,,,,,,,,,,,,,,,,0.3058712121212121,,,,,,,,0.0929003021148036,,,,,,,,,,,,,,,,,,,,,,2
Mixtral-8x22B-Instruct-v0.1,,,,,,,,,,,,,0.075,,,,,,,,,,,,,,,,,,,,,,,,,,,,,,,,,,,0.0317,,2
MiniMax-M2.1,,,,,,,,,,,,,,,,,,,,,,,,,,,,,,,,,,,0.0933,,,,,,,0.366,,,,,,,,2
codex-mini-2025-05-16,,,,0.273,0.0127,,,,,,,,,,,,,,,,,,,,,,,,,,,,,,,,,,,,,,,,,,,,,2
claude-sonnet-4-6_16K,,,,,,,,,,,,,,,,0.324,0.083,,,,,,,,,,,,,,,,,,,,,,,,,,,,,,,,,2
gemini-1.5-flash-8b-001,,,,,,,,,,,,,,,,,,,,0.3295454545454545,,,,,,,,,,,,,0.0458333333333333,,,,,,,,,,,,,,,,,2
dbrx-instruct,,,,,,,,,,,,,,,,,,,,0.3289141414141414,,,,,,,,0.1165030211480362,,,,,,,,,,,,,,,,,,,,,,2
gemini-2.5-flash-lite-preview-06-17-thinking,,,,,,,,,,,,,,,0.219,,,,,,,,,,,,,,,,,,,,,,,,,,,,,,,,,0.3522,,2
gemini-2.5-deep-think-2025-08-01-webapp,,,,,,,,,,,,,,,,0.29,0.104,,,,,,,,,,,,,,,,,,,,,,,,,,,,,,,,,2
T5-Base,,,,,,,,,0.814,,,,,,,,,,,,,,,,,,,,,,,,,,,,,,0.762,,,,,,,,,,,2
DeepSeek-R1-Distill-Qwen-14B,,,,,,,,,,,,,,,,,,,,0.4469696969696969,,,,,,,,0.8712235649546828,,,,,,,,,,,,,,,,,,,,,,2
gemini-2.5-pro_32K,,,,0.37,0.0486,,,,,,,,,,,,,,,,,,,,,,,,,,,,,,,,,,,,,,,,,,,,,2
DeepSeek-R1-Distill-Qwen-32B,,,,,,,0.195,,,,,,,,,,,,,,,,,,,,45.55,,,,,,,,,,,,,,,,,,,,,,,2
gemini-2.5-flash-preview-05-20_8K,,,,0.258,0.0212,,,,,,,,,,,,,,,,,,,,,,,,,,,,,,,,,,,,,,,,,,,,,2
Qwen3-30B-A3B,,,,,,,,,,,,,,,,,,,,,,,,,,7.53,,,,,,,,,,,,,,,,,,,,,,0.2975,,2
T5-Small,,,,,,,,,0.764,,,,,,,,,,,,,,,,,,,,,,,,,,,,,,0.633,,,,,,,,,,,2
DeepSeek-V3.1_thinking,,,,,,,,,,,,,,,,,,,,,,,,,,8.517,,,,,,,,,,,,,,,,,,,,,,0.3836,,2
fireworks/deepseek-v3p2,,,,,,,,,,,,,,,,0.221,0.021,,,,,,,,,,,,,,,,,,,,,,,,,,,,,,,,,2
DeepSeek-V3.2-Speciale,,,,,,,,,,,,,,,,,,,,,,,,,,,,,,,,,,,,,0.526,,,,,,,,,,,0.4673,,2
Qwen3-235B-A22B,,59.6,,,,,,,,,,,,,,,,,,,,,,,,,,,,,,,,,,,,,,,,,,,,,,0.3728,,2
gemini-2.5-pro-preview-06-05_1K,,,,0.313,0.0,,,,,,,,,,,,,,,,,,,,,,,,,,,,,,,,,,,,,,,,,,,,,2
deepseek-llm-67b-chat,,,,,,,,,,,,,,,,,,,,0.2462121212121212,,,,,,,,0.0639161631419939,,,,,,,,,,,,,,,,,,,,,,2
gemini-2.5-pro_8K,,,,0.295,0.0292,,,,,,,,,,,,,,,,,,,,,,,,,,,,,,,,,,,,,,,,,,,,,2
gemini-2.5-flash-preview-04-17 (24K thinking),,,,0.323,,,,,,,,,,,,,,,,,,,,,,7.65,,,,,,,,,,,,,,,,,,,,,,,,2
gemini-2.5-flash-preview-05-20_1K,,,,0.16,0.0216,,,,,,,,,,,,,,,,,,,,,,,,,,,,,,,,,,,,,,,,,,,,,2
GLM-4.5-Air,,,,,,,,,,,,,,,,,,,,,,0.0294,,0.0812,,,,,,,,,,,,,,,,,,,,,,,,,,2
Phi-3.5-vision-instruct,,,,,,,,,,,,,,,,,,,,,,,,,,,,,,,,,,,,0.913,,,,,,,,,,,,,,1
Pixtral-12B-2409,,,,,,,,,,,,,,,,,,,2131.0,,,,,,,,,,,,,,,,,,,,,,,,,,,,,,,1
Oryx-1.5-32B,,,,,,,,,,,,,,,,,,,,,,,,,,,,,,,,,,,,,,,,,,,,,0.673,,,,,1
Qwen2.5-Coder-14B-Instruct,,,,,,,,,,,,,,,,,,,,,0.942,,,,,,,,,,,,,,,,,,,,,,,,,,,,,1
OLMo-2-1124-13B-Instruct,,,,,,,,,,,,,,,,,,,,,,,,,,,22.12,,,,,,,,,,,,,,,,,,,,,,,1
NVILA-8B,,,,,,,,,,,,,,,,,,,,,,,,,,,,,,,,,,,,,,,,,,,,,0.642,,,,,1
Mixtral-8x22B-v0.1,,,,,,,,,,,,,,,,,,,,,,,,,,,,,,0.778,,,,,,,,,,,,,,,,,,,,1
Mistral-Nemo-Instruct-2407,,,,,,,0.176,,,,,,,,,,,,,,,,,,,,,,,,,,,,,,,,,,,,,,,,,,,1
Mistral-7B-Instruct-v0.1,,,,,,,,,,,,,,,,,,,,,,,,,,,,,,,,,,0.822,,,,,,,,,,,,,,,,1
MiniMax-M2,,,,,,,,,,,,,,,,,,,,,,,,,,,,,,,,,,,,,,,,,,0.3,,,,,,,,1
MiniMax-M1-80k,,,,,,,,,,,,,,,0.594,,,,,,,,,,,,,,,,,,,,,,,,,,,,,,,,,,,1
Switch-Large,,,,,,,,,,,,,,,,,,,,,,,,,,,,,,,,,,,,,,,0.847,,,,,,,,,,,1
o1-pro-2025-03-19,,,,,,,,,,,,,,,,,,,,,,,,0.0812,,,,,,,,,,,,,,,,,,,,,,,,,,1
Switch-Base,,,,,,,,,,,,,,,,,,,,,,,,,,,,,,,,,,,,,,,0.733,,,,,,,,,,,1
ml-elephant,,,,,,,,,,0.2,,,,,,,,,,,,,,,,,,,,,,,,,,,,,,,,,,,,,,,,1
o1-2024-12-17_low,,,,0.272,,,,,,,,,,,,,,,,,,,,,,,,,,,,,,,,,,,,,,,,,,,,,,1
Qwen1.5-7B,,,,,,,,,,,,,,,,,,,,,,,,,,,,,,0.626,,,,,,,,,,,,,,,,,,,,1
Qwen2.5-Coder-3B-Instruct,,,,,,,,,,,,,,,,,,,,,0.807,,,,,,,,,,,,,,,,,,,,,,,,,,,,,1
Qwen2.5-Coder-7B-Instruct,,,,,,,,,,,,,,,,,,,,,0.867,,,,,,,,,,,,,,,,,,,,,,,,,,,,,1
MiniCPM-V-2_6,,,,,,,,,,,,,,,,,,,,,,,,,,,,,,,,,,,,,,,,,,,,,0.609,,,,,1
Qwen-VL-Max,,,,,,,,,,,,,,,,,,,,,,,,,,,,,,,,,,,,,,,,,,,,,0.513,,,,,1
QwQ-32B-Preview,,,,,,,,,,,,,,,,,,,,,,,,,,,40.25,,,,,,,,,,,,,,,,,,,,,,,1
SliME-Llama3-8B,,,,,,,,,,,,,,,,,,,,,,,,,,,,,,,,,,,,,,,,,,,,,0.453,,,,,1
Qwen3-32B,,40.0,,,,,,,,,,,,,,,,,,,,,,,,,,,,,,,,,,,,,,,,,,,,,,,,1
ST-LLM,,,,,,,,,,,,,,,,,,,,,,,,,,,,,,,,,,,,,,,,,,,,,0.379,,,,,1
mistral-small-2402,,,,,,,,,,,,,,,,,,,,,,,,,,,,,,0.687,,,,,,,,,,,,,,,,,,,,1
mistral-medium-2508,,,,,,,,,,,,,,,,,,,,,,,,,,,,,,,,,,,,,,,,,,,,,,,,0.3313,,1
o1-pro-2025-03-19_low,,,,0.233,,,,,,,,,,,,,,,,,,,,,,,,,,,,,,,,,,,,,,,,,,,,,,1
QwQ-32B (16K thinking),,,,,,,,,,,,,,,,,,,,,,,,,,8.07,,,,,,,,,,,,,,,,,,,,,,,,1
MiniCPM-o-2_6,,,,,,,,,,,,,,,,,,,,,,,,,,,,,,,,,,,,,,,,,,,,,0.639,,,,,1
qwen1.5-14B,,,,,,,,,,,,,,,,,,,,,,,,,,,,,,0.686,,,,,,,,,,,,,,,,,,,,1
Meta-Llama-3-8B,,,,,,,,,,,,,,,,,,,,,,,,,,,,,,,,,,,,,,,,,,,,,,,,,0.757,1
Meta-Llama-3-70B,,,,,,,,,,,,,,,,,,,,,,,,,,,,,,,,,,,,,,,,,,,,,,,,,0.835,1
qwen3-coder-next,,,,,,,,,,,,,,,,,,,,,,,,,,,,,,,,,,,,,,,,,,,,,,,,0.344,,1
InternVL-Chat-ViT-6B-Vicuna-13B,,,,,,,,,,,,,,,,,,,,,,,,,,,,,,,,,,,,0.701,,,,,,,,,,,,,,1
qwq-plus,,,,,,,,,,,,,,,,,,,,0.6540404040404041,,,,,,,,,,,,,,,,,,,,,,,,,,,,,,1
reka-flash-3,,,,,,,0.292,,,,,,,,,,,,,,,,,,,,,,,,,,,,,,,,,,,,,,,,,,,1
sharegpt4video-8b,,,,,,,,,,,,,,,,,,,,,,,,,,,,,,,,,,,,,,,,,,,,,0.399,,,,,1
InternVL-Chat-V1-5,,,,,,,,,,,,,,,,,,,,,,,,,,,,,,,,,,,,,,,,,,,,,0.507,,,,,1
sonar-pro,,,,,,,,,,,,,,0.3776,,,,,,,,,,,,,,,,,,,,,,,,,,,,,,,,,,,,1
Eurus-2-7B-PRIME,,,,,,,,,,,,,,,,,,,,0.3390151515151515,,,,,,,,,,,,,,,,,,,,,,,,,,,,,,1
Dracarys2-Llama-3.1-70B-Instruct,,,,,,,,,,,,,,,,,,,,,,,,,,,46.21,,,,,,,,,,,,,,,,,,,,,,,1
Dracarys2-72B-Instruct,,,,,,,,,,,,,,,,,,,,,,,,,,,52.64,,,,,,,,,,,,,,,,,,,,,,,1
DeepSeek-V3-Base,,,,,,,,,,,,,,,,,,,,,,,,,,,,,,,,,,0.847,,,,,,,,,,,,,,,,1
DeepSeek-V2.5,,17.8,,,,,,,,,,,,,,,,,,,,,,,,,,,,,,,,,,,,,,,,,,,,,,,,1
DeepSeek-Coder-V2-Lite-Instruct,,,,,,,,,,,,,,,,,,,,,0.876,,,,,,,,,,,,,,,,,,,,,,,,,,,,,1
DeepSeek-Coder-V2-Instruct,,,,,,,,,,,,,,,,,,,,,0.945,,,,,,,,,,,,,,,,,,,,,,,,,,,,,1
video-SALMONN-2plus,,,,,,,,,,,,,,,,,,,,,,,,,,,,,,,,,,,,,,,,,,,,,0.797,,,,,1
video_chat2_mistral,,,,,,,,,,,,,,,,,,,,,,,,,,,,,,,,,,,,,,,,,,,,,0.395,,,,,1
Chat-UniVi-7B-v1.5 ,,,,,,,,,,,,,,,,,,,,,,,,,,,,,,,,,,,,,,,,,,,,,0.406,,,,,1
xiaoyi-deepresearch,,,,,,,,,,,,,,0.5513,,,,,,,,,,,,,,,,,,,,,,,,,,,,,,,,,,,,1
yi-lightning,,12.9,,,,,,,,,,,,,,,,,,,,,,,,,,,,,,,,,,,,,,,,,,,,,,,,1
Chat-Uni-Vi-7B-v1.5 + 100k SG-WV,,,,,,,,,,,,,,,,,,,,,,,,,,,,,,,,,,,,,,,,,,,,,0.432,,,,,1
ByteVideoLLM-14B,,,,,,,,,,,,,,,,,,,,,,,,,,,,,,,,,,,,,,,,,,,,,0.646,,,,,1
InternVL-Chat-ViT-6B-Vicuna-7B,,,,,,,,,,,,,,,,,,,,,,,,,,,,,,,,,,,,0.662,,,,,,,,,,,,,,1
InternVL2-40B,,,,,,,,,,,,,,,,,,,,,,,,,,,,,,,,,,,,,,,,,,,,,0.612,,,,,1
InternVL2_5-78B,,,,,,,,,,,,,,,,,,,,,,,,,,,,,,,,,,,,,,,,,,,,,0.721,,,,,1
LLaVA-Video-7B-Qwen2-TPO,,,,,,,,,,,,,,,,,,,,,,,,,,,,,,,,,,,,,,,,,,,,,0.656,,,,,1
openhands-lm-32b-v0.1,,10.2,,,,,,,,,,,,,,,,,,,,,,,,,,,,,,,,,,,,,,,,,,,,,,,,1
MM1-7B-Chat,,,,,,,,,,,,,,,,,,,,,,,,,,,,,,,,,,,,0.726,,,,,,,,,,,,,,1
MM1-3B-Chat,,,,,,,,,,,,,,,,,,,,,,,,,,,,,,,,,,,,0.694,,,,,,,,,,,,,,1
LongVA-7B,,,,,,,,,,,,,,,,,,,,,,,,,,,,,,,,,,,,,,,,,,,,,0.526,,,,,1
Llama-3.2-3B-Instruct,,,,,,,0.101,,,,,,,,,,,,,,,,,,,,,,,,,,,,,,,,,,,,,,,,,,,1
parasail-qwen3-235b-a22b-instruct-2507,,,,,,,,,,,,,,,0.444,,,,,,,,,,,,,,,,,,,,,,,,,,,,,,,,,,,1
Llama-3.2-1B-Instruct,,,,,,,0.066,,,,,,,,,,,,,,,,,,,,,,,,,,,,,,,,,,,,,,,,,,,1
LiveCC-7B-Instruct,,,,,,,,,,,,,,,,,,,,,,,,,,,,,,,,,,,,,,,,,,,,,0.641,,,,,1
LinVT,,,,,,,,,,,,,,,,,,,,,,,,,,,,,,,,,,,,,,,,,,,,,0.703,,,,,1
qwen-plus-2025-04-28,,,,,,,,,,,,,,,,0.0172413793103448,,,,,,,,,,,,,,,,,,,,,,,,,,,,,,,,,,1
Kimi-K2-Instruct-0905,,,,,,,,,,,,,,,,,,,,,,,,,,,,,,,,,,,,,,,,,,,,,,,,0.3668,,1
LLaVA-Video-7B-Qwen2,,,,,,,,,,,,,,,,,,,,,,,,,,,,,,,,,,,,,,,,,,,,,0.659,,,,,1
qwen/qwen3-235b-a22b-thinking-2507,,,,,,,,,,,,,,,,,,,,,,,,,,,,,,,,,,,,,,,,,,,,,,,,0.387,,1
VITA,,,,,,,,,,,,,,,,,,,,,,,,,,,,,,,,,,,,,,,,,,,,,0.558,,,,,1
qwen1.5-32B,,,,,,,,,,,,,,,,,,,,,,,,,,,,,,0.744,,,,,,,,,,,,,,,,,,,,1
qwen1.5-32b-chat,,,,,,,,,,,,,,,,,,,,0.307449494949495,,,,,,,,,,,,,,,,,,,,,,,,,,,,,,1
qwen1.5-72b-chat,,,,,,,,,,,,,,,,,,,,0.2881944444444444,,,,,,,,,,,,,,,,,,,,,,,,,,,,,,1
LLaVA-Video-72B-Qwen2,,,,,,,,,,,,,,,,,,,,,,,,,,,,,,,,,,,,,,,,,,,,,0.706,,,,,1
qwen2.5-14b-instruct,,,,,,,,,,,,,,,,,,,,,,,,,,,,,,0.799,,,,,,,,,,,,,,,,,,,,1
LLaVA-OneVision 72B,,,,,,,,,,,,,,,,,,,,,,,,,,,,,,,,,,,,,,,,,,,,,0.663,,,,,1
TimeMarker,,,,,,,,,,,,,,,,,,,,,,,,,,,,,,,,,,,,,,,,,,,,,0.573,,,,,1
VideoLLAMA2-7B,,,,,,,,,,,,,,,,,,,,,,,,,,,,,,,,,,,,,,,,,,,,,0.624,,,,,1
VITA-1.5,,,,,,,,,,,,,,,,,,,,,,,,,,,,,,,,,,,,,,,,,,,,,0.561,,,,,1
claude-opus-4-20250514_2K,,,,,,,,,,,,,,0.49,,,,,,,,,,,,,,,,,,,,,,,,,,,,,,,,,,,,1
claude-sonnet-4-6_medium,,,,,,,,,,,,,,,,,,,,,,,,,,,,,,,,,,,,,,,,,,,,,,,,0.6607,,1
gpt-5-chat,,,,,,,,,,,,,,,,,,,,,,,,,,,,,,,,,,,,,,,,,,,,,,,,0.3977,,1
gpt-5-codex_high,,,,,,,,,,,,,,,,,,,,,,,,,,,,,,,,,,,,,,,,,,,,,,,,0.5453,,1
claude-sonnet-4-5-20250929_2K,,,,,,,,,,,,,,0.526,,,,,,,,,,,,,,,,,,,,,,,,,,,,,,,,,,,,1
claude-sonnet-4-5-20250929_12K,,,,,,,,,,,,,,,,,,,,,,,,,,,,,,,,,,,,,0.543,,,,,,,,,,,,,1
claude-sonnet-4-20250514_2K,,,,,,,,,,,,,,0.478,,,,,,,,,,,,,,,,,,,,,,,,,,,,,,,,,,,,1
claude-sonnet-4-20250514_12K,,,,,,,,,,,,,,,,,,,,,,,,,,,,,,,,,,,,,0.455,,,,,,,,,,,,,1
gpt-5-nano-2025-08-07_unknown,,,,,,,,,,,,,,,,,,,,,,,,,,,,,,,,,,,,,,,,,,0.115,,,,,,,,1
claude-opus-4-5-20251101_128K,,,,,,,,,,,,,,,,,,,,,,,,,,,,,,,,,,,,,,,,,,0.591,,,,,,,,1
claude-opus-4-20250514_12K,,,,,,,,,,,,,,,,,,,,,,,,,,,,,,,,,,,,,0.588,,,,,,,,,,,,,1
chutes/Qwen3-235B-A22B-Thinking-2507,,,,,,,,,,,,,,,0.688,,,,,,,,,,,,,,,,,,,,,,,,,,,,,,,,,,,1
claude-haiku-4-5-20251001_unknown,,,,,,,,,,,,,,,,,,,,,,,,,,,,,,,,,,,,,,,,,,0.355,,,,,,,,1
claude-3-7-sonnet-20250219_2K,,,,,,,,,,,,,,0.436,,,,,,,,,,,,,,,,,,,,,,,,,,,,,,,,,,,,1
claude-3-7-sonnet-20250219_15K,,,,,,,,,,,,,,,,,,,3844.0,,,,,,,,,,,,,,,,,,,,,,,,,,,,,,,1
claude-3-7-sonnet-20250219_12K,,,,,,,,,,,,,,,,,,,,,,,,,,,,,,,,,,,,,0.464,,,,,,,,,,,,,1
gpt-5.2-pro-2025-12-11,,,,,,,,,,,,,,,,,,,,,,,,,,,,,,,,,,,,,0.574,,,,,,,,,,,,,1
gpt-5.2-pro-2025-12-11-webapp,,,,,,,,,,,,,,,,,0.313,,,,,,,,,,,,,,,,,,,,,,,,,,,,,,,,,1
chutes/Qwen3-Next-80B-A3B-Instruct,,,,,,,,,,,,,,,0.469,,,,,,,,,,,,,,,,,,,,,,,,,,,,,,,,,,,1
gpt-5.2-pro-2025-12-11_xhigh,,,,0.905,,,,,,,,,,,,,,,,,,,,,,,,,,,,,,,,,,,,,,,,,,,,,,1
gpt-5.3-codex_xhigh,,,,,,,,,,,,,,,,,,,,,,,,,,,,,,,,,,,,,,,,,,,,,,,,0.793,,1
code-davinci-002,,,,,,,,,,,,,,,,,,,,,0.568,,,,,,,,,,,,,,,,,,,,,,,,,,,,,1
codestral-2501,,11.1,,,,,,,,,,,,,,,,,,,,,,,,,,,,,,,,,,,,,,,,,,,,,,,,1
computer-use-preview-2025-03-11,,,,,,,,,,,,,,,,,,,,,,,,,,,,,,,,31.3,,,,,,,,,,,,,,,,,,1
davinci-002,,,,,,,,,,,,,,,,,,,,,,,,,,,,,0.161869,,,,,,,,,,,,,,,,,,,,,1
gemini-robotics-er-1.5-preview,,,,,,,,,,,,,,,,,,,,,,,,,,,,,,,,,,,,,,,,,,,,,,0.408,,,,1
gemini-2.5-pro-preview-06-05_32K,,83.1,,,,,,,,,,,,,,,,,,,,,,,,,,,,,,,,,,,,,,,,,,,,,,,,1
gemini-2.5-flash-preview-09-2025_16k,,,,,,,,,,,,,,,,,,,,,,,,,,,,,,,,,,,,,,,,,,,,,,,,0.4191,,1
gemma-4-31b-it,,,,,,,,,,,,,,,,,,,,,,,,,,,,,,,,,,,,,,0.0956256358087487,,,,,,,,,,,,1
glm-4.5_thinking,,,,,,,,,,,,,,,,,,,,,,,,,,,,,,,,,,,,,,,,,,,,,,,,0.4058,,1
gemini-2.5-flash-preview-04-17 (16K thinking),,,,,,,,,,,,,,,,,,,,,,,,,,,,,,,,,,,,,,,,,,,,,,,,0.4095,,1
gemini-2.5-flash-lite-preview-09-2025,,,,,,,,,,,,,,,,,,,,,,,,,,,,,,,,,,,,,,,,,,,,,,0.3,,,,1
gemini-2.5-flash-lite-preview-06-17_16K,,,,,,,,,,,,,,,,,,,,,,,,,,,,,,,,,,,,,,,,,,,,,,,,0.3522,,1
gemini-2.0-flash-lite-preview-02-05,,,,,,,,,,,,,,,,,,,,,,,,,,,53.24,,,,,,,,,,,,,,,,,,,,,,,1
gpt-3.5-turbo-instruct,,,,,,,,,,,,,,,,,,,,,,,,,,,,,0.214611,,,,,,,,,,,,,,,,,,,,,1
gemini-2.0-flash-lite,,,,,,,,,,,,,,,,,,,,,,,,,,,54.29,,,,,,,,,,,,,,,,,,,,,,,1
gemini-1.5-flash-0514,,,,,,,,,,,,,,,,,,,,,,,,,,,,,,0.778,,,,,,,,,,,,,,,,,,,,1
gemini-1.0-pro-vision,,,,,,,,,,,,,,,,,,,,,,,,,,,,,,,,,,,,0.797,,,,,,,,,,,,,,1
gpt-4-1106-vision-preview,,,,,,,,,,,,,,,,,,,,,,,,,,,,,,,,,,,,,,,,,,,,,0.599,,,,,1
fireworks/Kimi-K2-Instruct-0905,,,,,,,,,,,,,,,0.406,,,,,,,,,,,,,,,,,,,,,,,,,,,,,,,,,,,1
falcon-40b-instruct,,,,,,,,,,,,,,,,,,,,,0.338,,,,,,,,,,,,,,,,,,,,,,,,,,,,,1
falcon-11B-vlm,,,,,,,,,,,,,,,,,,,,,,,,,,,,,,,,,,,,0.749,,,,,,,,,,,,,,1
deepseek-chat,,70.2,,,,,,,,,,,,,,,,,,,,,,,,,,,,,,,,,,,,,,,,,,,,,,,,1
deepinfra/Qwen3-Next-80B-A3B-Instruct,,,,,,,,,,,,,,,0.625,,,,,,,,,,,,,,,,,,,,,,,,,,,,,,,,,,,1
mPLUG-Owl3-7B-241101,,,,,,,,,,,,,,,,,,,,,,,,,,,,,,,,,,,,,,,,,,,,,0.593,,,,,1
Aria,,,,,,,,,,,,,,,,,,,,,,,,,,,,,,,,,,,,,,,,,,,,,0.676,,,,,1
grok-3-mini_high,,,,,,,,,,,,,,,,,,,,,,,,,,,,,,,,,,,,,,,,,,,,,,,,0.4258,,1
grok-4-1,,,,,,,,,,,,,0.39,,,,,,,,,,,,,,,,,,,,,,,,,,,,,,,,,,,,,1
Video-LLaVA-7B,,,,,,,,,,,,,,,,,,,,,,,,,,,,,,,,,,,,,,,,,,,,,0.399,,,,,1
chatgpt-4o-03-27-2025,,45.3,,,,,,,,,,,,,,,,,,,,,,,,,,,,,,,,,,,,,,,,,,,,,,,,1
c4ai-command-a-03-2025,,12.0,,,,,,,,,,,,,,,,,,,,,,,,,,,,,,,,,,,,,,,,,,,,,,,,1
blip2-opt-2.7b,,,,,,,,,,,,,,,,,,,,,,,,,,,,,,,,,,,,0.7417,,,,,,,,,,,,,,1
grok-3-mini-beta_medium,,,,,,,,,,,,,,,0.656,,,,,,,,,,,,,,,,,,,,,,,,,,,,,,,,,,,1
gpt-5.4-2026-03-05_none,,,,,,,,,,,,,,,,,,,,,,,,,,,,,,,,,,,,,,,,,,,,,,,,0.5744,,1
Yi-large,,,,,,,,,,,,,,,,,,,,,,,,,,,,,,0.793,,,,,,,,,,,,,,,,,,,,1
grok-4-1-fast-non-reasoning,,,,,,,,,,,,,,,,,,,,,,,,,,,,,,,,,,,,,0.56,,,,,,,,,,,,,1
Video-XL-7B,,,,,,,,,,,,,,,,,,,,,,,,,,,,,,,,,,,,,,,,,,,,,0.555,,,,,1
grok-4-heavy-web-app,,,,,,,,,,,,,,,,,0.0208,,,,,,,,,,,,,,,,,,,,,,,,,,,,,,,,,1
VideoLLAMA3-7B,,,,,,,,,,,,,,,,,,,,,,,,,,,,,,,,,,,,,,,,,,,,,0.662,,,,,1
instructblip-vicuna-13b,,,,,,,,,,,,,,,,,,,,,,,,,,,,,,,,,,,,0.631,,,,,,,,,,,,,,1
instructblip-vicuna-7b,,,,,,,,,,,,,,,,,,,,,,,,,,,,,,,,,,,,0.605,,,,,,,,,,,,,,1
kimi-k2-0711-preview,,,,,,,,,,,,,,,,,,,,,,,,,,,,,,,,,,,,,,,,,,,,,,,,0.3936,,1
gemini-3.1-pro-preview-customtools,,,,,,,,,,,,,,,,,,,,,,,,,,,,,,,,,,,,,,,,,0.756198347107438,,,,,,,,,1
kangaroo,,,,,,,,,,,,,,,,,,,,,,,,,,,,,,,,,,,,,,,,,,,,,0.56,,,,,1
gpt-oss-20b_unknown,,,,,,,,,,,,,,,,,,,,,,,,,,,,,,,,,,,,,,,,,,0.034,,,,,,,,1
gpt-oss-20b_medium,,,,,,,,,,,,,,,,,,,,,,,,,,,,,,,,,,,,,,,,,,,,,,,,0.3683,,1
gpt-oss-20b_high,,,,,,,,,,,,,,,,,,,,,,,,,,,,,,,,,,,,,,,,,,,,,,,,0.4093,,1
gpt-oss-20b,,,,,,,,,,,,,,,,,,,,,,,,,,,,,,,,,,,,,,,,,,0.034,,,,,,,,1
long-llava-qwen2-7b,,,,,,,,,,,,,,,,,,,,,,,,,,,,,,,,,,,,,,,,,,,,,0.529,,,,,1
gpt-5.4-pro-2026-03-05-web-app,,,,,,,,,,,,,,,,,0.375,,,,,,,,,,,,,,,,,,,,,,,,,,,,,,,,,1
llava-v1.6-vicuna-7b,,,,,,,,,,,,,,,,,,,,,,,,,,,,,,,,,,,,0.706,,,,,,,,,,,,,,1
llava-v1.6-vicuna-13b,,,,,,,,,,,,,,,,,,,,,,,,,,,,,,,,,,,,0.736,,,,,,,,,,,,,,1
gpt-5.4-pro-2026-03-05_unknown,,,,,,,,,,,,,,,,,,,,,,,,,,,,,,,,,,,,,0.741,,,,,,,,,,,,,1
llava-v1.6-mistral-7b,,,,,,,,,,,,,,,,,,,,,,,,,,,,,,,,,,,,0.728,,,,,,,,,,,,,,1
llava-v1.5-7b,,,,,,,,,,,,,,,,,,,,,,,,,,,,,,,,,,,,0.668,,,,,,,,,,,,,,1
chutes/Llama-4-Scout-17B-16E Instruct,,,,,,,,,,,,,,,0.273,,,,,,,,,,,,,,,,,,,,,,,,,,,,,,,,,,,1
chutes/Llama-4-Maverick-17B-128E-Instruct,,,,,,,,,,,,,,,0.364,,,,,,,,,,,,,,,,,,,,,,,,,,,,,,,,,,,1
llama3-llava-next-8b,,,,,,,,,,,,,,,,,,,,,,,,,,,,,,,,,,,,0.737,,,,,,,,,,,,,,1
learnlm-1.5-pro-experimental,,,,,,,,,,,,,,,,,,,,,,,,,,,52.19,,,,,,,,,,,,,,,,,,,,,,,1
ViLAMP-llava-qwen,,,,,,,,,,,,,,,,,,,,,,,,,,,,,,,,,,,,,,,,,,,,,0.675,,,,,1
Video-CCAM-7B-v1.2,,,,,,,,,,,,,,,,,,,,,,,,,,,,,,,,,,,,,,,,,,,,,0.532,,,,,1
gpt-oss-120b_medium,,,,,,,,,,,,,,,,,,,,,,,,,,,,,,,,,,,,,,,,,,,,,,,,0.4188,,1
gpt-oss-120b_unknown,,,,,,,,,,,,,,,,,,,,,,,,,,,,,,,,,,,,,,,,,,0.187,,,,,,,,1
VideoChat-Flash-Qwen2-7B_res448,,,,,,,,,,,,,,,,,,,,,,,,,,,,,,,,,,,,,,,,,,,,,0.653,,,,,1
chutes/Qwen3-235B-A22B,,,,,,,,,,,,,,,,,,,,,,,,,,,,,,,,,,,,,,,,,,,,,,,,,,0
DeepSeek-V3.2-Exp_high,,,,,,,,,,,,,,,,,,,,,,,,,,,,,,,,,,,,,,,,,,,,,,,,,,0
nvidia-nemotron-nano-9b-v2,,,,,,,,,,,,,,,,,,,,,,,,,,,,,,,,,,,,,,,,,,,,,,,,,,0
chutes/DeepSeek-R1-0528,,,,,,,,,,,,,,,,,,,,,,,,,,,,,,,,,,,,,,,,,,,,,,,,,,0
chutes/DeepSeek-V3-0324,,,,,,,,,,,,,,,,,,,,,,,,,,,,,,,,,,,,,,,,,,,,,,,,,,0
chutes/GLM-4.5-FP8,,,,,,,,,,,,,,,,,,,,,,,,,,,,,,,,,,,,,,,,,,,,,,,,,,0
chutes/Gemma-3-27b-It,,,,,,,,,,,,,,,,,,,,,,,,,,,,,,,,,,,,,,,,,,,,,,,,,,0
chutes/gpt-oss-120b_high,,,,,,,,,,,,,,,,,,,,,,,,,,,,,,,,,,,,,,,,,,,,,,,,,,0
chutes/gpt-oss-120b,,,,,,,,,,,,,,,,,,,,,,,,,,,,,,,,,,,,,,,,,,,,,,,,,,0
chutes/QwQ-32B,,,,,,,,,,,,,,,,,,,,,,,,,,,,,,,,,,,,,,,,,,,,,,,,,,0
chutes/Qwen3-8B,,,,,,,,,,,,,,,,,,,,,,,,,,,,,,,,,,,,,,,,,,,,,,,,,,0
chutes/Qwen3-32B,,,,,,,,,,,,,,,,,,,,,,,,,,,,,,,,,,,,,,,,,,,,,,,,,,0
chutes/Qwen3-14B,,,,,,,,,,,,,,,,,,,,,,,,,,,,,,,,,,,,,,,,,,,,,,,,,,0
chutes/Qwen3-30B-A3B,,,,,,,,,,,,,,,,,,,,,,,,,,,,,,,,,,,,,,,,,,,,,,,,,,0
